Using pre-set license
Built from '6000.0/staging' branch; Version is '6000.0.57f1 (b7b9860b7bbd) revision 12040582'; Using compiler version '193933523'; Build Type 'Release'
OS: 'Windows 11  (10.0.26200) 64bit Core' Language: 'en' Physical Memory: 16208 MB
BatchMode: 1, IsHumanControllingUs: 0, StartBugReporterOnCrash: 0, Is64bit: 1
Date: 2026-05-12T16:03:10Z

COMMAND LINE ARGUMENTS:
C:\Program Files\Unity\Hub\Editor\6000.0.57f1\Editor\Unity.exe
-adb2
-batchMode
-noUpm
-name
AssetImportWorker0
-projectPath
C:/GDD1200/Unity-casino-adventure-chat-game/Unity-Casino-adventure-chat-
-logFile
Logs/AssetImportWorker0.log
-srvPort
52160
-job-worker-count
5
-background-job-worker-count
8
-gc-helper-count
1
-name
AssetImport
Successfully changed project path to: C:/GDD1200/Unity-casino-adventure-chat-game/Unity-Casino-adventure-chat-
C:/GDD1200/Unity-casino-adventure-chat-game/Unity-Casino-adventure-chat-
[UnityMemory] Configuration Parameters - Can be set up in boot.config
    "memorysetup-bucket-allocator-granularity=16"
    "memorysetup-bucket-allocator-bucket-count=8"
    "memorysetup-bucket-allocator-block-size=33554432"
    "memorysetup-bucket-allocator-block-count=8"
    "memorysetup-main-allocator-block-size=16777216"
    "memorysetup-thread-allocator-block-size=16777216"
    "memorysetup-gfx-main-allocator-block-size=16777216"
    "memorysetup-gfx-thread-allocator-block-size=16777216"
    "memorysetup-cache-allocator-block-size=4194304"
    "memorysetup-typetree-allocator-block-size=2097152"
    "memorysetup-profiler-bucket-allocator-granularity=16"
    "memorysetup-profiler-bucket-allocator-bucket-count=8"
    "memorysetup-profiler-bucket-allocator-block-size=33554432"
    "memorysetup-profiler-bucket-allocator-block-count=8"
    "memorysetup-profiler-allocator-block-size=16777216"
    "memorysetup-profiler-editor-allocator-block-size=1048576"
    "memorysetup-temp-allocator-size-main=16777216"
    "memorysetup-job-temp-allocator-block-size=2097152"
    "memorysetup-job-temp-allocator-block-size-background=1048576"
    "memorysetup-job-temp-allocator-reduction-small-platforms=262144"
    "memorysetup-allocator-temp-initial-block-size-main=262144"
    "memorysetup-allocator-temp-initial-block-size-worker=262144"
    "memorysetup-temp-allocator-size-background-worker=32768"
    "memorysetup-temp-allocator-size-job-worker=262144"
    "memorysetup-temp-allocator-size-preload-manager=33554432"
    "memorysetup-temp-allocator-size-nav-mesh-worker=65536"
    "memorysetup-temp-allocator-size-audio-worker=65536"
    "memorysetup-temp-allocator-size-cloud-worker=32768"
    "memorysetup-temp-allocator-size-gi-baking-worker=262144"
    "memorysetup-temp-allocator-size-gi-baking-worker=262144"
    "memorysetup-temp-allocator-size-gi-baking-worker=262144"
    "memorysetup-temp-allocator-size-gi-baking-worker=262144"
    "memorysetup-temp-allocator-size-gi-baking-worker=262144"
    "memorysetup-temp-allocator-size-gfx=262144"
Player connection [42968]  Target information:

Player connection [42968]  * "[IP] 10.0.0.76 [Port] 0 [Flags] 2 [Guid] 2879711036 [EditorId] 2879711036 [Version] 1048832 [Id] WindowsEditor(7,Cameron) [Debug] 1 [PackageName] WindowsEditor [ProjectName] Editor" 

Player connection [42968] Host joined multi-casting on [225.0.0.222:54997]...
Player connection [42968] Host joined alternative multi-casting on [225.0.0.222:34997]...
JobSystem: Creating JobQueue using job-worker-count value 5
Input System module state changed to: Initialized.
[Physics::Module] Initialized fallback backend.
[Physics::Module] Id: 0xdecafbad
Library Redirect Path: Library/
[Physics::Module] Selected backend.
[Physics::Module] Name: PhysX
[Physics::Module] Id: 0xf2b8ea05
[Physics::Module] SDK Version: 4.1.2
[Physics::Module] Integration Version: 1.0.0
[Physics::Module] Threading Mode: Multi-Threaded
Refreshing native plugins compatible for Editor in 576.54 ms, found 5 plugins.
Preloading 0 native plugins for Editor in 0.00 ms.
Initialize engine version: 6000.0.57f1 (b7b9860b7bbd)
[Subsystems] Discovering subsystems at path C:/Program Files/Unity/Hub/Editor/6000.0.57f1/Editor/Data/Resources/UnitySubsystems
[Subsystems] Discovering subsystems at path C:/GDD1200/Unity-casino-adventure-chat-game/Unity-Casino-adventure-chat-/Assets
GfxDevice: creating device client; kGfxThreadingModeNonThreaded
Direct3D:
    Version:  Direct3D 11.0 [level 11.1]
    Renderer: Intel(R) Iris(R) Xe Graphics (ID=0x46a8)
    Vendor:   Intel
    VRAM:     8104 MB
    Driver:   32.0.101.6737
Initialize mono
Mono path[0] = 'C:/Program Files/Unity/Hub/Editor/6000.0.57f1/Editor/Data/Managed'
Mono path[1] = 'C:/Program Files/Unity/Hub/Editor/6000.0.57f1/Editor/Data/MonoBleedingEdge/lib/mono/unityjit-win32'
Mono config path = 'C:/Program Files/Unity/Hub/Editor/6000.0.57f1/Editor/Data/MonoBleedingEdge/etc'
Using monoOptions --debugger-agent=transport=dt_socket,embedding=1,server=y,suspend=n,address=127.0.0.1:56572
Begin MonoManager ReloadAssembly
Registering precompiled unity dll's ...
Register platform support module: C:/Program Files/Unity/Hub/Editor/6000.0.57f1/Editor/Data/PlaybackEngines/WindowsStandaloneSupport/UnityEditor.WindowsStandalone.Extensions.dll
Registered in 0.772304 seconds.
- Loaded All Assemblies, in 16.540 seconds
Native extension for WindowsStandalone target not found
Mono: successfully reloaded assembly
- Finished resetting the current domain, in  1.716 seconds
Domain Reload Profiling: 18254ms
	BeginReloadAssembly (14698ms)
		ExecutionOrderSort (0ms)
		DisableScriptedObjects (0ms)
		BackupInstance (0ms)
		ReleaseScriptingObjects (0ms)
		CreateAndSetChildDomain (2ms)
	RebuildCommonClasses (121ms)
	RebuildNativeTypeToScriptingClass (38ms)
	initialDomainReloadingComplete (914ms)
	LoadAllAssembliesAndSetupDomain (764ms)
		LoadAssemblies (14680ms)
		RebuildTransferFunctionScriptingTraits (0ms)
		AnalyzeDomain (756ms)
			TypeCache.Refresh (750ms)
				TypeCache.ScanAssembly (703ms)
			BuildScriptInfoCaches (1ms)
			ResolveRequiredComponents (2ms)
	FinalizeReload (1719ms)
		ReleaseScriptCaches (0ms)
		RebuildScriptCaches (0ms)
		SetupLoadedEditorAssemblies (1493ms)
			LogAssemblyErrors (0ms)
			InitializePlatformSupportModulesInManaged (106ms)
			SetLoadedEditorAssemblies (24ms)
			BeforeProcessingInitializeOnLoad (286ms)
			ProcessInitializeOnLoadAttributes (778ms)
			ProcessInitializeOnLoadMethodAttributes (298ms)
			AfterProcessingInitializeOnLoad (0ms)
			EditorAssembliesLoaded (1ms)
		ExecutionOrderSort2 (0ms)
		AwakeInstancesAfterBackupRestoration (0ms)
========================================================================
Worker process is ready to serve import requests
Import Worker Mode flag is 0x00
Begin MonoManager ReloadAssembly
- Loaded All Assemblies, in 143.968 seconds
Refreshing native plugins compatible for Editor in 656.77 ms, found 5 plugins.
Native extension for WindowsStandalone target not found
Refreshing native plugins compatible for Editor in 12.29 ms, found 5 plugins.
Package Manager log level set to [2]
[Package Manager] Failed to launch server process. Reason: Unity was launched with the -noUpm command-line argument
[Package Manager] Unable to send message (not connected to server process).
[Package Manager] Cannot connect to Unity Package Manager local server
Mono: successfully reloaded assembly
- Finished resetting the current domain, in  9.311 seconds
Domain Reload Profiling: 153204ms
	BeginReloadAssembly (51541ms)
		ExecutionOrderSort (0ms)
		DisableScriptedObjects (43ms)
		BackupInstance (0ms)
		ReleaseScriptingObjects (0ms)
		CreateAndSetChildDomain (108ms)
	RebuildCommonClasses (3421ms)
	RebuildNativeTypeToScriptingClass (84ms)
	initialDomainReloadingComplete (302ms)
	LoadAllAssembliesAndSetupDomain (88542ms)
		LoadAssemblies (131894ms)
		RebuildTransferFunctionScriptingTraits (0ms)
		AnalyzeDomain (7773ms)
			TypeCache.Refresh (7197ms)
				TypeCache.ScanAssembly (5457ms)
			BuildScriptInfoCaches (480ms)
			ResolveRequiredComponents (75ms)
	FinalizeReload (9314ms)
		ReleaseScriptCaches (0ms)
		RebuildScriptCaches (0ms)
		SetupLoadedEditorAssemblies (6656ms)
			LogAssemblyErrors (0ms)
			InitializePlatformSupportModulesInManaged (19ms)
			SetLoadedEditorAssemblies (38ms)
			BeforeProcessingInitializeOnLoad (1197ms)
			ProcessInitializeOnLoadAttributes (3047ms)
			ProcessInitializeOnLoadMethodAttributes (2330ms)
			AfterProcessingInitializeOnLoad (24ms)
			EditorAssembliesLoaded (1ms)
		ExecutionOrderSort2 (0ms)
		AwakeInstancesAfterBackupRestoration (35ms)
Launched and connected shader compiler UnityShaderCompiler.exe after 0.18 seconds
Refreshing native plugins compatible for Editor in 10.51 ms, found 5 plugins.
Preloading 0 native plugins for Editor in 0.00 ms.
Unloading 13 Unused Serialized files (Serialized files now loaded: 0)
Unloading 6983 unused Assets / (4.8 MB). Loaded Objects now: 7696.
Memory consumption went from 146.3 MB to 141.5 MB.
Total: 23.413200 ms (FindLiveObjects: 3.031400 ms CreateObjectMapping: 2.785300 ms MarkObjects: 12.205800 ms  DeleteObjects: 5.385900 ms)

========================================================================
Received Import Request.
  Time since last request: 899646.313150 seconds.
  path: Assets/Scenes/BackOffice.unity
  artifactKey: Guid(93b21d1ef73319244a6278a7c97fd1c2) Importer(815301076,1909f56bfc062723c751e8b465ee728b)
Start importing Assets/Scenes/BackOffice.unity using Guid(93b21d1ef73319244a6278a7c97fd1c2) Importer(815301076,1909f56bfc062723c751e8b465ee728b) (PreviewImporter) -> (artifact id: 'f38c7c8d3ff12e8f70bca549a57e0bda') in 0.0153904 seconds
Number of updated asset objects reloaded before import = 0Number of asset objects unloaded after import = 0

========================================================================
Received Import Request.
  Time since last request: 0.000098 seconds.
  path: Assets/Scripts
  artifactKey: Guid(be031ea08f4f19a4c80c69c68aef258b) Importer(815301076,1909f56bfc062723c751e8b465ee728b)
Start importing Assets/Scripts using Guid(be031ea08f4f19a4c80c69c68aef258b) Importer(815301076,1909f56bfc062723c751e8b465ee728b) (PreviewImporter) -> (artifact id: 'b680e2d10d431505da0949c6edee7348') in 0.0014678 seconds
Number of updated asset objects reloaded before import = 0Number of asset objects unloaded after import = 0

========================================================================
Received Import Request.
  Time since last request: 9.187826 seconds.
  path: Assets/Scripts/Scriptable objects
  artifactKey: Guid(b87e30af7a82030448847a5e3ca038fa) Importer(815301076,1909f56bfc062723c751e8b465ee728b)
Start importing Assets/Scripts/Scriptable objects using Guid(b87e30af7a82030448847a5e3ca038fa) Importer(815301076,1909f56bfc062723c751e8b465ee728b) (PreviewImporter) -> (artifact id: '4f6daf06397b3292a7adfedc3669a49a') in 0.0011218 seconds
Number of updated asset objects reloaded before import = 0Number of asset objects unloaded after import = 0

========================================================================
Received Import Request.
  Time since last request: 1.543634 seconds.
  path: Assets/Scripts/DialogueData.cs
  artifactKey: Guid(998c549ea8c132047bb904df2f2f9725) Importer(815301076,1909f56bfc062723c751e8b465ee728b)
Start importing Assets/Scripts/DialogueData.cs using Guid(998c549ea8c132047bb904df2f2f9725) Importer(815301076,1909f56bfc062723c751e8b465ee728b) (PreviewImporter) -> (artifact id: '18c076b5f14450e97240064fa43f5b05') in 0.0018023 seconds
Number of updated asset objects reloaded before import = 0Number of asset objects unloaded after import = 0

========================================================================
Received Prepare
Refreshing native plugins compatible for Editor in 7.22 ms, found 5 plugins.
Preloading 0 native plugins for Editor in 0.00 ms.
Unloading 13 Unused Serialized files (Serialized files now loaded: 0)
Unloading 6965 unused Assets / (4.0 MB). Loaded Objects now: 7698.
Memory consumption went from 144.4 MB to 140.4 MB.
Total: 16.411500 ms (FindLiveObjects: 1.313500 ms CreateObjectMapping: 1.343600 ms MarkObjects: 9.684400 ms  DeleteObjects: 4.066600 ms)

Prepare: number of updated asset objects reloaded= 0
========================================================================
Received Prepare
Refreshing native plugins compatible for Editor in 11.77 ms, found 5 plugins.
Preloading 0 native plugins for Editor in 0.00 ms.
Unloading 13 Unused Serialized files (Serialized files now loaded: 0)
Unloading 6965 unused Assets / (5.1 MB). Loaded Objects now: 7698.
Memory consumption went from 144.4 MB to 139.3 MB.
Total: 27.348100 ms (FindLiveObjects: 1.712100 ms CreateObjectMapping: 1.882900 ms MarkObjects: 16.446400 ms  DeleteObjects: 7.303300 ms)

Prepare: number of updated asset objects reloaded= 0
========================================================================
Received Prepare
Refreshing native plugins compatible for Editor in 5.69 ms, found 5 plugins.
Preloading 0 native plugins for Editor in 0.00 ms.
Unloading 13 Unused Serialized files (Serialized files now loaded: 0)
Unloading 6965 unused Assets / (5.3 MB). Loaded Objects now: 7698.
Memory consumption went from 144.4 MB to 139.2 MB.
Total: 19.145500 ms (FindLiveObjects: 1.505400 ms CreateObjectMapping: 1.767100 ms MarkObjects: 10.008500 ms  DeleteObjects: 5.860600 ms)

Prepare: number of updated asset objects reloaded= 0
========================================================================
Received Prepare
Refreshing native plugins compatible for Editor in 10.02 ms, found 5 plugins.
Preloading 0 native plugins for Editor in 0.00 ms.
Unloading 13 Unused Serialized files (Serialized files now loaded: 0)
Unloading 6965 unused Assets / (4.6 MB). Loaded Objects now: 7698.
Memory consumption went from 144.4 MB to 139.8 MB.
Total: 20.418200 ms (FindLiveObjects: 1.321900 ms CreateObjectMapping: 2.061600 ms MarkObjects: 11.181900 ms  DeleteObjects: 5.849000 ms)

Prepare: number of updated asset objects reloaded= 0
========================================================================
Received Prepare
Refreshing native plugins compatible for Editor in 59.92 ms, found 5 plugins.
Preloading 0 native plugins for Editor in 0.00 ms.
Unloading 13 Unused Serialized files (Serialized files now loaded: 0)
Unloading 6965 unused Assets / (3.2 MB). Loaded Objects now: 7698.
Memory consumption went from 144.4 MB to 141.2 MB.
Total: 63.026200 ms (FindLiveObjects: 5.559700 ms CreateObjectMapping: 2.863500 ms MarkObjects: 38.893700 ms  DeleteObjects: 15.702300 ms)

Prepare: number of updated asset objects reloaded= 0
========================================================================
Received Prepare
Refreshing native plugins compatible for Editor in 12.93 ms, found 5 plugins.
Preloading 0 native plugins for Editor in 0.00 ms.
Unloading 13 Unused Serialized files (Serialized files now loaded: 0)
Unloading 6965 unused Assets / (4.9 MB). Loaded Objects now: 7698.
Memory consumption went from 144.4 MB to 139.5 MB.
Total: 21.499400 ms (FindLiveObjects: 2.077200 ms CreateObjectMapping: 1.668000 ms MarkObjects: 11.023200 ms  DeleteObjects: 6.727400 ms)

Prepare: number of updated asset objects reloaded= 0
========================================================================
Received Prepare
Begin MonoManager ReloadAssembly
- Loaded All Assemblies, in  2.428 seconds
Refreshing native plugins compatible for Editor in 13.46 ms, found 5 plugins.
Native extension for WindowsStandalone target not found
[Package Manager] Failed to launch server process. Reason: Unity was launched with the -noUpm command-line argument
[Package Manager] Unable to send message (not connected to server process).
[Package Manager] Cannot connect to Unity Package Manager local server
Mono: successfully reloaded assembly
- Finished resetting the current domain, in  2.682 seconds
Domain Reload Profiling: 5112ms
	BeginReloadAssembly (584ms)
		ExecutionOrderSort (0ms)
		DisableScriptedObjects (37ms)
		BackupInstance (0ms)
		ReleaseScriptingObjects (0ms)
		CreateAndSetChildDomain (150ms)
	RebuildCommonClasses (120ms)
	RebuildNativeTypeToScriptingClass (39ms)
	initialDomainReloadingComplete (103ms)
	LoadAllAssembliesAndSetupDomain (1584ms)
		LoadAssemblies (1200ms)
		RebuildTransferFunctionScriptingTraits (0ms)
		AnalyzeDomain (638ms)
			TypeCache.Refresh (24ms)
				TypeCache.ScanAssembly (0ms)
			BuildScriptInfoCaches (574ms)
			ResolveRequiredComponents (30ms)
	FinalizeReload (2683ms)
		ReleaseScriptCaches (0ms)
		RebuildScriptCaches (0ms)
		SetupLoadedEditorAssemblies (2132ms)
			LogAssemblyErrors (0ms)
			InitializePlatformSupportModulesInManaged (7ms)
			SetLoadedEditorAssemblies (23ms)
			BeforeProcessingInitializeOnLoad (628ms)
			ProcessInitializeOnLoadAttributes (1211ms)
			ProcessInitializeOnLoadMethodAttributes (245ms)
			AfterProcessingInitializeOnLoad (17ms)
			EditorAssembliesLoaded (1ms)
		ExecutionOrderSort2 (0ms)
		AwakeInstancesAfterBackupRestoration (46ms)
Refreshing native plugins compatible for Editor in 12.17 ms, found 5 plugins.
Preloading 0 native plugins for Editor in 0.00 ms.
Unloading 13 Unused Serialized files (Serialized files now loaded: 0)
Unloading 6981 unused Assets / (5.1 MB). Loaded Objects now: 7702.
Memory consumption went from 147.8 MB to 142.7 MB.
Total: 27.557400 ms (FindLiveObjects: 2.367100 ms CreateObjectMapping: 3.439500 ms MarkObjects: 13.459500 ms  DeleteObjects: 8.287100 ms)

Prepare: number of updated asset objects reloaded= 0
========================================================================
Received Import Request.
  Time since last request: 44.113690 seconds.
  path: Assets/Scripts/Main Menu
  artifactKey: Guid(8e9dd0cb885fffb43b633c92b8193da8) Importer(815301076,1909f56bfc062723c751e8b465ee728b)
Start importing Assets/Scripts/Main Menu using Guid(8e9dd0cb885fffb43b633c92b8193da8) Importer(815301076,1909f56bfc062723c751e8b465ee728b) (PreviewImporter) -> (artifact id: '8dbfbcdef8d15bdd5d255e9068adf0d2') in 0.0224 seconds
Number of updated asset objects reloaded before import = 0Number of asset objects unloaded after import = 0

========================================================================
Received Import Request.
  Time since last request: 29.337504 seconds.
  path: Assets/Scenes/MainCasinoFloor.unity
  artifactKey: Guid(837bf0afdc4a32645ac0d8f5fe7d61b6) Importer(815301076,1909f56bfc062723c751e8b465ee728b)
Start importing Assets/Scenes/MainCasinoFloor.unity using Guid(837bf0afdc4a32645ac0d8f5fe7d61b6) Importer(815301076,1909f56bfc062723c751e8b465ee728b) (PreviewImporter) -> (artifact id: 'd277add7cf417ed643120bec85552ceb') in 0.0031536 seconds
Number of updated asset objects reloaded before import = 0Number of asset objects unloaded after import = 0

========================================================================
Received Import Request.
  Time since last request: 24.475259 seconds.
  path: Assets/Scenes/Ending_BigWinner.unity
  artifactKey: Guid(6060d240afaffb245bc4dbba5a2c247f) Importer(815301076,1909f56bfc062723c751e8b465ee728b)
Start importing Assets/Scenes/Ending_BigWinner.unity using Guid(6060d240afaffb245bc4dbba5a2c247f) Importer(815301076,1909f56bfc062723c751e8b465ee728b) (PreviewImporter) -> (artifact id: 'b61a57e02ab177a45e1e27a22cb724df') in 0.0022916 seconds
Number of updated asset objects reloaded before import = 0Number of asset objects unloaded after import = 0

========================================================================
Received Import Request.
  Time since last request: 9.834355 seconds.
  path: Assets/Scenes/Ending_EscapeSystem.unity
  artifactKey: Guid(720c778eb6f7cfa4db7e93c85022400f) Importer(815301076,1909f56bfc062723c751e8b465ee728b)
Start importing Assets/Scenes/Ending_EscapeSystem.unity using Guid(720c778eb6f7cfa4db7e93c85022400f) Importer(815301076,1909f56bfc062723c751e8b465ee728b) (PreviewImporter) -> (artifact id: 'd553f83d2df99b0b25c8c4638133d2bb') in 0.0024385 seconds
Number of updated asset objects reloaded before import = 0Number of asset objects unloaded after import = 0

========================================================================
Received Import Request.
  Time since last request: 6.638382 seconds.
  path: Assets/Scenes/Ending_LostEverything.unity
  artifactKey: Guid(98cf793fa88c4f04e81940e43f6f2152) Importer(815301076,1909f56bfc062723c751e8b465ee728b)
Start importing Assets/Scenes/Ending_LostEverything.unity using Guid(98cf793fa88c4f04e81940e43f6f2152) Importer(815301076,1909f56bfc062723c751e8b465ee728b) (PreviewImporter) -> (artifact id: '6e30eb0ea0a749c0e43035bac6032b76') in 0.0026678 seconds
Number of updated asset objects reloaded before import = 0Number of asset objects unloaded after import = 0

========================================================================
Received Import Request.
  Time since last request: 7.911374 seconds.
  path: Assets/Scenes/EntranceLobby.unity
  artifactKey: Guid(c5579fba33cb8ba4697aea1b38897024) Importer(815301076,1909f56bfc062723c751e8b465ee728b)
Start importing Assets/Scenes/EntranceLobby.unity using Guid(c5579fba33cb8ba4697aea1b38897024) Importer(815301076,1909f56bfc062723c751e8b465ee728b) (PreviewImporter) -> (artifact id: 'd6a7a12a6fd3908de0b22c591afd9f73') in 0.0038265 seconds
Number of updated asset objects reloaded before import = 0Number of asset objects unloaded after import = 0

========================================================================
Received Import Request.
  Time since last request: 13.799844 seconds.
  path: Assets/Scenes/HighRollerTable.unity
  artifactKey: Guid(36b5fba6ff7454f46803b714cc26b011) Importer(815301076,1909f56bfc062723c751e8b465ee728b)
Start importing Assets/Scenes/HighRollerTable.unity using Guid(36b5fba6ff7454f46803b714cc26b011) Importer(815301076,1909f56bfc062723c751e8b465ee728b) (PreviewImporter) -> (artifact id: '4578b53be0f2e892214bf2dc222af2b8') in 0.0023661 seconds
Number of updated asset objects reloaded before import = 0Number of asset objects unloaded after import = 0

========================================================================
Received Import Request.
  Time since last request: 17.269542 seconds.
  path: Assets/Scenes/VIPRoom.unity
  artifactKey: Guid(87d0f2b35bc393d41a92094520961139) Importer(815301076,1909f56bfc062723c751e8b465ee728b)
Start importing Assets/Scenes/VIPRoom.unity using Guid(87d0f2b35bc393d41a92094520961139) Importer(815301076,1909f56bfc062723c751e8b465ee728b) (PreviewImporter) -> (artifact id: '1bfd0b773ab85734dfefc800edb4bfdb') in 0.001939 seconds
Number of updated asset objects reloaded before import = 0Number of asset objects unloaded after import = 0

========================================================================
Received Prepare
Refreshing native plugins compatible for Editor in 14.88 ms, found 5 plugins.
Preloading 0 native plugins for Editor in 0.00 ms.
Unloading 13 Unused Serialized files (Serialized files now loaded: 0)
Unloading 6966 unused Assets / (4.9 MB). Loaded Objects now: 7703.
Memory consumption went from 148.0 MB to 143.0 MB.
Total: 24.549900 ms (FindLiveObjects: 1.760700 ms CreateObjectMapping: 2.212800 ms MarkObjects: 13.528300 ms  DeleteObjects: 7.045200 ms)

Prepare: number of updated asset objects reloaded= 0
========================================================================
Received Import Request.
  Time since last request: 197.042362 seconds.
  path: Assets/Scripts/Main Menu/MainMenuController.cs
  artifactKey: Guid(5e7ee4c5e9176d44d83cecbce07458bc) Importer(815301076,1909f56bfc062723c751e8b465ee728b)
Start importing Assets/Scripts/Main Menu/MainMenuController.cs using Guid(5e7ee4c5e9176d44d83cecbce07458bc) Importer(815301076,1909f56bfc062723c751e8b465ee728b) (PreviewImporter) -> (artifact id: '30fed4389145c56eb50a96acbd940d57') in 0.0045977 seconds
Number of updated asset objects reloaded before import = 0Number of asset objects unloaded after import = 0

========================================================================
Received Prepare
Refreshing native plugins compatible for Editor in 34.76 ms, found 5 plugins.
Preloading 0 native plugins for Editor in 0.00 ms.
Unloading 13 Unused Serialized files (Serialized files now loaded: 0)
Unloading 6966 unused Assets / (5.0 MB). Loaded Objects now: 7703.
Memory consumption went from 148.0 MB to 143.0 MB.
Total: 190.315700 ms (FindLiveObjects: 5.853000 ms CreateObjectMapping: 4.207300 ms MarkObjects: 167.058500 ms  DeleteObjects: 13.191200 ms)

Prepare: number of updated asset objects reloaded= 0
========================================================================
Received Import Request.
  Time since last request: 135.160618 seconds.
  path: Assets/Scripts/Main Menu/MainMenuController.cs
  artifactKey: Guid(5e7ee4c5e9176d44d83cecbce07458bc) Importer(815301076,1909f56bfc062723c751e8b465ee728b)
Start importing Assets/Scripts/Main Menu/MainMenuController.cs using Guid(5e7ee4c5e9176d44d83cecbce07458bc) Importer(815301076,1909f56bfc062723c751e8b465ee728b) (PreviewImporter) -> (artifact id: 'b5c69287e20d29693c9ee1df28bee583') in 0.0087969 seconds
Number of updated asset objects reloaded before import = 0Number of asset objects unloaded after import = 0

========================================================================
Received Import Request.
  Time since last request: 8.483968 seconds.
  path: Assets/Scripts/New Folder
  artifactKey: Guid(ab9ac8ad456db6546a13bffc0166eb60) Importer(815301076,1909f56bfc062723c751e8b465ee728b)
Start importing Assets/Scripts/New Folder using Guid(ab9ac8ad456db6546a13bffc0166eb60) Importer(815301076,1909f56bfc062723c751e8b465ee728b) (PreviewImporter) -> (artifact id: 'cb56e985cb809e45d552bf4b57a43ba3') in 0.0019544 seconds
Number of updated asset objects reloaded before import = 0Number of asset objects unloaded after import = 0

========================================================================
Received Import Request.
  Time since last request: 15.442261 seconds.
  path: Assets/Scripts/Game Manager
  artifactKey: Guid(ab9ac8ad456db6546a13bffc0166eb60) Importer(815301076,1909f56bfc062723c751e8b465ee728b)
Start importing Assets/Scripts/Game Manager using Guid(ab9ac8ad456db6546a13bffc0166eb60) Importer(815301076,1909f56bfc062723c751e8b465ee728b) (PreviewImporter) -> (artifact id: 'db9930e41a7f119be050bff634a40386') in 0.0015891 seconds
Number of updated asset objects reloaded before import = 0Number of asset objects unloaded after import = 0

========================================================================
Received Prepare
Refreshing native plugins compatible for Editor in 17.04 ms, found 5 plugins.
Preloading 0 native plugins for Editor in 0.00 ms.
Unloading 13 Unused Serialized files (Serialized files now loaded: 0)
Unloading 6967 unused Assets / (4.9 MB). Loaded Objects now: 7704.
Memory consumption went from 148.0 MB to 143.1 MB.
Total: 28.301700 ms (FindLiveObjects: 2.896200 ms CreateObjectMapping: 3.247200 ms MarkObjects: 14.785300 ms  DeleteObjects: 7.369700 ms)

Prepare: number of updated asset objects reloaded= 0
========================================================================
Received Import Request.
  Time since last request: 15.901666 seconds.
  path: Assets/Scripts/Game Manager/SaveManager.cs
  artifactKey: Guid(2741944912402e043b4fedc229a09616) Importer(815301076,1909f56bfc062723c751e8b465ee728b)
Start importing Assets/Scripts/Game Manager/SaveManager.cs using Guid(2741944912402e043b4fedc229a09616) Importer(815301076,1909f56bfc062723c751e8b465ee728b) (PreviewImporter) -> (artifact id: '8e39160bea933637efd20e5501ec202c') in 0.0047201 seconds
Number of updated asset objects reloaded before import = 0Number of asset objects unloaded after import = 0

========================================================================
Received Prepare
Refreshing native plugins compatible for Editor in 34.58 ms, found 5 plugins.
Preloading 0 native plugins for Editor in 0.00 ms.
Unloading 13 Unused Serialized files (Serialized files now loaded: 0)
Unloading 6967 unused Assets / (5.0 MB). Loaded Objects now: 7704.
Memory consumption went from 148.0 MB to 142.9 MB.
Total: 51.792300 ms (FindLiveObjects: 4.516100 ms CreateObjectMapping: 4.262400 ms MarkObjects: 29.398500 ms  DeleteObjects: 13.608200 ms)

Prepare: number of updated asset objects reloaded= 0
========================================================================
Received Import Request.
  Time since last request: 23.604946 seconds.
  path: Assets/Scripts/Game Manager/SaveManager.cs
  artifactKey: Guid(2741944912402e043b4fedc229a09616) Importer(815301076,1909f56bfc062723c751e8b465ee728b)
Start importing Assets/Scripts/Game Manager/SaveManager.cs using Guid(2741944912402e043b4fedc229a09616) Importer(815301076,1909f56bfc062723c751e8b465ee728b) (PreviewImporter) -> (artifact id: '82283164a516bd80430f16dd60db5c1f') in 0.0065619 seconds
Number of updated asset objects reloaded before import = 0Number of asset objects unloaded after import = 0

========================================================================
Received Prepare
Begin MonoManager ReloadAssembly
- Loaded All Assemblies, in  3.912 seconds
Refreshing native plugins compatible for Editor in 8.39 ms, found 5 plugins.
Native extension for WindowsStandalone target not found
[Package Manager] Failed to launch server process. Reason: Unity was launched with the -noUpm command-line argument
[Package Manager] Unable to send message (not connected to server process).
[Package Manager] Cannot connect to Unity Package Manager local server
Mono: successfully reloaded assembly
- Finished resetting the current domain, in  2.414 seconds
Domain Reload Profiling: 6332ms
	BeginReloadAssembly (1314ms)
		ExecutionOrderSort (0ms)
		DisableScriptedObjects (139ms)
		BackupInstance (0ms)
		ReleaseScriptingObjects (1ms)
		CreateAndSetChildDomain (486ms)
	RebuildCommonClasses (102ms)
	RebuildNativeTypeToScriptingClass (32ms)
	initialDomainReloadingComplete (88ms)
	LoadAllAssembliesAndSetupDomain (2380ms)
		LoadAssemblies (2282ms)
		RebuildTransferFunctionScriptingTraits (0ms)
		AnalyzeDomain (590ms)
			TypeCache.Refresh (38ms)
				TypeCache.ScanAssembly (1ms)
			BuildScriptInfoCaches (501ms)
			ResolveRequiredComponents (28ms)
	FinalizeReload (2415ms)
		ReleaseScriptCaches (0ms)
		RebuildScriptCaches (0ms)
		SetupLoadedEditorAssemblies (1938ms)
			LogAssemblyErrors (0ms)
			InitializePlatformSupportModulesInManaged (9ms)
			SetLoadedEditorAssemblies (28ms)
			BeforeProcessingInitializeOnLoad (595ms)
			ProcessInitializeOnLoadAttributes (1119ms)
			ProcessInitializeOnLoadMethodAttributes (167ms)
			AfterProcessingInitializeOnLoad (18ms)
			EditorAssembliesLoaded (2ms)
		ExecutionOrderSort2 (0ms)
		AwakeInstancesAfterBackupRestoration (45ms)
Refreshing native plugins compatible for Editor in 13.64 ms, found 5 plugins.
Preloading 0 native plugins for Editor in 0.00 ms.
Unloading 13 Unused Serialized files (Serialized files now loaded: 0)
Unloading 6983 unused Assets / (4.3 MB). Loaded Objects now: 7707.
Memory consumption went from 147.9 MB to 143.6 MB.
Total: 21.730300 ms (FindLiveObjects: 2.123000 ms CreateObjectMapping: 1.089600 ms MarkObjects: 13.306000 ms  DeleteObjects: 5.207300 ms)

Prepare: number of updated asset objects reloaded= 0
========================================================================
Received Import Request.
  Time since last request: 47.680289 seconds.
  path: Assets/Scripts/Game Manager/SaveManager.cs
  artifactKey: Guid(2741944912402e043b4fedc229a09616) Importer(815301076,1909f56bfc062723c751e8b465ee728b)
Start importing Assets/Scripts/Game Manager/SaveManager.cs using Guid(2741944912402e043b4fedc229a09616) Importer(815301076,1909f56bfc062723c751e8b465ee728b) (PreviewImporter) -> (artifact id: '18a39e59a4dd6c23e6218f832ed7b0f9') in 0.008909 seconds
Number of updated asset objects reloaded before import = 0Number of asset objects unloaded after import = 0

========================================================================
Received Import Request.
  Time since last request: 413.614050 seconds.
  path: Assets/Art/Backgrounds
  artifactKey: Guid(8c6dbd847a67a2d4da90e7a9cec02958) Importer(815301076,1909f56bfc062723c751e8b465ee728b)
Start importing Assets/Art/Backgrounds using Guid(8c6dbd847a67a2d4da90e7a9cec02958) Importer(815301076,1909f56bfc062723c751e8b465ee728b) (PreviewImporter) -> (artifact id: '33622b0db1afd2d7f5f7950282fedf81') in 0.0037929 seconds
Number of updated asset objects reloaded before import = 0Number of asset objects unloaded after import = 0

========================================================================
Received Import Request.
  Time since last request: 147.753006 seconds.
  path: Assets/Art/Characters/casino shady gambler.png
  artifactKey: Guid(bdb3a4460dbb1c34793be64ae03df32f) Importer(815301076,1909f56bfc062723c751e8b465ee728b)
Start importing Assets/Art/Characters/casino shady gambler.png using Guid(bdb3a4460dbb1c34793be64ae03df32f) Importer(815301076,1909f56bfc062723c751e8b465ee728b) (PreviewImporter) -> (artifact id: '90c3a5c8b00492559a29fea745eec8d1') in 0.3842007 seconds
Number of updated asset objects reloaded before import = 0Number of asset objects unloaded after import = 3

========================================================================
Received Import Request.
  Time since last request: 0.000074 seconds.
  path: Assets/Art/Icons/casino vip token.png
  artifactKey: Guid(47b11fc453286104cb449e3949756d9e) Importer(815301076,1909f56bfc062723c751e8b465ee728b)
Start importing Assets/Art/Icons/casino vip token.png using Guid(47b11fc453286104cb449e3949756d9e) Importer(815301076,1909f56bfc062723c751e8b465ee728b) (PreviewImporter) -> (artifact id: '09d06a07510904f6eb8ddece3fbe80ba') in 0.0766835 seconds
Number of updated asset objects reloaded before import = 0Number of asset objects unloaded after import = 3

========================================================================
Received Prepare
Begin MonoManager ReloadAssembly
- Loaded All Assemblies, in 10.094 seconds
Refreshing native plugins compatible for Editor in 9.15 ms, found 5 plugins.
Native extension for WindowsStandalone target not found
[Package Manager] Failed to launch server process. Reason: Unity was launched with the -noUpm command-line argument
[Package Manager] Unable to send message (not connected to server process).
[Package Manager] Cannot connect to Unity Package Manager local server
Mono: successfully reloaded assembly
- Finished resetting the current domain, in  3.456 seconds
Domain Reload Profiling: 13552ms
	BeginReloadAssembly (931ms)
		ExecutionOrderSort (0ms)
		DisableScriptedObjects (79ms)
		BackupInstance (0ms)
		ReleaseScriptingObjects (1ms)
		CreateAndSetChildDomain (232ms)
	RebuildCommonClasses (115ms)
	RebuildNativeTypeToScriptingClass (33ms)
	initialDomainReloadingComplete (120ms)
	LoadAllAssembliesAndSetupDomain (8894ms)
		LoadAssemblies (8491ms)
		RebuildTransferFunctionScriptingTraits (0ms)
		AnalyzeDomain (836ms)
			TypeCache.Refresh (26ms)
				TypeCache.ScanAssembly (0ms)
			BuildScriptInfoCaches (744ms)
			ResolveRequiredComponents (46ms)
	FinalizeReload (3459ms)
		ReleaseScriptCaches (0ms)
		RebuildScriptCaches (0ms)
		SetupLoadedEditorAssemblies (2774ms)
			LogAssemblyErrors (0ms)
			InitializePlatformSupportModulesInManaged (7ms)
			SetLoadedEditorAssemblies (35ms)
			BeforeProcessingInitializeOnLoad (767ms)
			ProcessInitializeOnLoadAttributes (1673ms)
			ProcessInitializeOnLoadMethodAttributes (269ms)
			AfterProcessingInitializeOnLoad (21ms)
			EditorAssembliesLoaded (1ms)
		ExecutionOrderSort2 (0ms)
		AwakeInstancesAfterBackupRestoration (80ms)
Refreshing native plugins compatible for Editor in 10.71 ms, found 5 plugins.
Preloading 0 native plugins for Editor in 0.00 ms.
Unloading 13 Unused Serialized files (Serialized files now loaded: 0)
Unloading 6983 unused Assets / (4.2 MB). Loaded Objects now: 7718.
Memory consumption went from 152.6 MB to 148.4 MB.
Total: 16.999300 ms (FindLiveObjects: 1.826900 ms CreateObjectMapping: 1.568200 ms MarkObjects: 7.953800 ms  DeleteObjects: 5.647400 ms)

Prepare: number of updated asset objects reloaded= 0
========================================================================
Received Prepare
Begin MonoManager ReloadAssembly
- Loaded All Assemblies, in  2.243 seconds
Refreshing native plugins compatible for Editor in 5.03 ms, found 5 plugins.
Native extension for WindowsStandalone target not found
[Package Manager] Failed to launch server process. Reason: Unity was launched with the -noUpm command-line argument
[Package Manager] Unable to send message (not connected to server process).
[Package Manager] Cannot connect to Unity Package Manager local server
Mono: successfully reloaded assembly
- Finished resetting the current domain, in  2.480 seconds
Domain Reload Profiling: 4728ms
	BeginReloadAssembly (475ms)
		ExecutionOrderSort (0ms)
		DisableScriptedObjects (35ms)
		BackupInstance (0ms)
		ReleaseScriptingObjects (0ms)
		CreateAndSetChildDomain (121ms)
	RebuildCommonClasses (82ms)
	RebuildNativeTypeToScriptingClass (25ms)
	initialDomainReloadingComplete (76ms)
	LoadAllAssembliesAndSetupDomain (1590ms)
		LoadAssemblies (1206ms)
		RebuildTransferFunctionScriptingTraits (0ms)
		AnalyzeDomain (582ms)
			TypeCache.Refresh (21ms)
				TypeCache.ScanAssembly (0ms)
			BuildScriptInfoCaches (516ms)
			ResolveRequiredComponents (34ms)
	FinalizeReload (2481ms)
		ReleaseScriptCaches (0ms)
		RebuildScriptCaches (0ms)
		SetupLoadedEditorAssemblies (2011ms)
			LogAssemblyErrors (0ms)
			InitializePlatformSupportModulesInManaged (7ms)
			SetLoadedEditorAssemblies (15ms)
			BeforeProcessingInitializeOnLoad (587ms)
			ProcessInitializeOnLoadAttributes (1174ms)
			ProcessInitializeOnLoadMethodAttributes (214ms)
			AfterProcessingInitializeOnLoad (13ms)
			EditorAssembliesLoaded (1ms)
		ExecutionOrderSort2 (0ms)
		AwakeInstancesAfterBackupRestoration (45ms)
Refreshing native plugins compatible for Editor in 10.49 ms, found 5 plugins.
Preloading 0 native plugins for Editor in 0.00 ms.
Unloading 13 Unused Serialized files (Serialized files now loaded: 0)
Unloading 6983 unused Assets / (4.8 MB). Loaded Objects now: 7721.
Memory consumption went from 152.6 MB to 147.8 MB.
Total: 24.118400 ms (FindLiveObjects: 2.069000 ms CreateObjectMapping: 2.439400 ms MarkObjects: 11.673800 ms  DeleteObjects: 7.932700 ms)

Prepare: number of updated asset objects reloaded= 0
========================================================================
Received Prepare
Begin MonoManager ReloadAssembly
- Loaded All Assemblies, in  2.463 seconds
Refreshing native plugins compatible for Editor in 5.51 ms, found 5 plugins.
Native extension for WindowsStandalone target not found
[Package Manager] Failed to launch server process. Reason: Unity was launched with the -noUpm command-line argument
[Package Manager] Unable to send message (not connected to server process).
[Package Manager] Cannot connect to Unity Package Manager local server
Mono: successfully reloaded assembly
- Finished resetting the current domain, in  2.456 seconds
Domain Reload Profiling: 4927ms
	BeginReloadAssembly (548ms)
		ExecutionOrderSort (0ms)
		DisableScriptedObjects (49ms)
		BackupInstance (0ms)
		ReleaseScriptingObjects (0ms)
		CreateAndSetChildDomain (126ms)
	RebuildCommonClasses (99ms)
	RebuildNativeTypeToScriptingClass (40ms)
	initialDomainReloadingComplete (82ms)
	LoadAllAssembliesAndSetupDomain (1701ms)
		LoadAssemblies (1301ms)
		RebuildTransferFunctionScriptingTraits (0ms)
		AnalyzeDomain (623ms)
			TypeCache.Refresh (19ms)
				TypeCache.ScanAssembly (0ms)
			BuildScriptInfoCaches (547ms)
			ResolveRequiredComponents (44ms)
	FinalizeReload (2457ms)
		ReleaseScriptCaches (0ms)
		RebuildScriptCaches (0ms)
		SetupLoadedEditorAssemblies (1977ms)
			LogAssemblyErrors (0ms)
			InitializePlatformSupportModulesInManaged (9ms)
			SetLoadedEditorAssemblies (23ms)
			BeforeProcessingInitializeOnLoad (568ms)
			ProcessInitializeOnLoadAttributes (1169ms)
			ProcessInitializeOnLoadMethodAttributes (194ms)
			AfterProcessingInitializeOnLoad (12ms)
			EditorAssembliesLoaded (1ms)
		ExecutionOrderSort2 (0ms)
		AwakeInstancesAfterBackupRestoration (47ms)
Refreshing native plugins compatible for Editor in 14.07 ms, found 5 plugins.
Preloading 0 native plugins for Editor in 0.00 ms.
Unloading 13 Unused Serialized files (Serialized files now loaded: 0)
Unloading 6983 unused Assets / (4.4 MB). Loaded Objects now: 7724.
Memory consumption went from 152.6 MB to 148.2 MB.
Total: 22.614400 ms (FindLiveObjects: 2.865300 ms CreateObjectMapping: 2.470400 ms MarkObjects: 11.247400 ms  DeleteObjects: 6.028400 ms)

Prepare: number of updated asset objects reloaded= 0
========================================================================
Received Import Request.
  Time since last request: 506.675737 seconds.
  path: Assets/DefaultVolumeProfile.asset
  artifactKey: Guid(3f9215ea0144899419cfbc0957140d3f) Importer(2089858483,192608db42251d675da83286b1cce702)
Start importing Assets/DefaultVolumeProfile.asset using Guid(3f9215ea0144899419cfbc0957140d3f) Importer(2089858483,192608db42251d675da83286b1cce702) (ScriptedImporter) -> (artifact id: '22c285101ed659187062a0545ccb3b56') in 0.5903849 seconds
Number of updated asset objects reloaded before import = 0Number of asset objects unloaded after import = 0

========================================================================
Received Import Request.
  Time since last request: 0.000052 seconds.
  path: Assets/ScriptableObjects/Items/Item_CasinoChips.asset
  artifactKey: Guid(eba7840b8135b404db674cda35056495) Importer(2089858483,192608db42251d675da83286b1cce702)
Start importing Assets/ScriptableObjects/Items/Item_CasinoChips.asset using Guid(eba7840b8135b404db674cda35056495) Importer(2089858483,192608db42251d675da83286b1cce702) (ScriptedImporter) -> (artifact id: 'd173b2ae554e05cd94721be0160647e5') in 0.1436492 seconds
Number of updated asset objects reloaded before import = 0Number of asset objects unloaded after import = 1

========================================================================
Received Import Request.
  Time since last request: 0.000075 seconds.
  path: Assets/Art/Icons/casino vip token.png
  artifactKey: Guid(47b11fc453286104cb449e3949756d9e) Importer(2089858483,192608db42251d675da83286b1cce702)
Start importing Assets/Art/Icons/casino vip token.png using Guid(47b11fc453286104cb449e3949756d9e) Importer(2089858483,192608db42251d675da83286b1cce702) (ScriptedImporter) -> (artifact id: '98a8a3e7b91cff23159215d8949c3e99') in 0.2727199 seconds
Number of updated asset objects reloaded before import = 0Number of asset objects unloaded after import = 3

========================================================================
Received Import Request.
  Time since last request: 0.000040 seconds.
  path: Assets/ScriptableObjects/Dialogue/Dialogue_ShadyGambler.asset
  artifactKey: Guid(ff5ad86b4e669ef4cb49be200853b657) Importer(2089858483,192608db42251d675da83286b1cce702)
Start importing Assets/ScriptableObjects/Dialogue/Dialogue_ShadyGambler.asset using Guid(ff5ad86b4e669ef4cb49be200853b657) Importer(2089858483,192608db42251d675da83286b1cce702) (ScriptedImporter) -> (artifact id: '71145e3536341c79d18ac3ee0ee886e3') in 0.0773159 seconds
Number of updated asset objects reloaded before import = 0Number of asset objects unloaded after import = 1

========================================================================
Received Import Request.
  Time since last request: 0.000062 seconds.
  path: Assets/TextMesh Pro/Shaders/TMP_SDF Overlay.shader
  artifactKey: Guid(dd89cf5b9246416f84610a006f916af7) Importer(2089858483,192608db42251d675da83286b1cce702)
Start importing Assets/TextMesh Pro/Shaders/TMP_SDF Overlay.shader using Guid(dd89cf5b9246416f84610a006f916af7) Importer(2089858483,192608db42251d675da83286b1cce702) (ScriptedImporter) -> (artifact id: 'd117beeb4ae91efc7690595092fee0d1') in 0.0903036 seconds
Number of updated asset objects reloaded before import = 0Number of asset objects unloaded after import = 1

========================================================================
Received Import Request.
  Time since last request: 0.000064 seconds.
  path: Assets/ScriptableObjects/Dialogue/Dialogue_Host.asset
  artifactKey: Guid(c6a339fe13f3afc41bb31631f0102216) Importer(2089858483,192608db42251d675da83286b1cce702)
Start importing Assets/ScriptableObjects/Dialogue/Dialogue_Host.asset using Guid(c6a339fe13f3afc41bb31631f0102216) Importer(2089858483,192608db42251d675da83286b1cce702) (ScriptedImporter) -> (artifact id: '2c7886e507b9fe9e26ae51e6a183c31e') in 0.0764181 seconds
Number of updated asset objects reloaded before import = 0Number of asset objects unloaded after import = 1

========================================================================
Received Import Request.
  Time since last request: 0.000062 seconds.
  path: Assets/ScriptableObjects/Endings/Ending_LostEverything.asset
  artifactKey: Guid(b153febeb9c2b2244ac9d8f538266b89) Importer(2089858483,192608db42251d675da83286b1cce702)
Start importing Assets/ScriptableObjects/Endings/Ending_LostEverything.asset using Guid(b153febeb9c2b2244ac9d8f538266b89) Importer(2089858483,192608db42251d675da83286b1cce702) (ScriptedImporter) -> (artifact id: '761881c29f2d7cfe5bb30cb3381ecb32') in 0.0754554 seconds
Number of updated asset objects reloaded before import = 0Number of asset objects unloaded after import = 1

========================================================================
Received Import Request.
  Time since last request: 0.000048 seconds.
  path: Assets/Art/Icons/casino golden card.png
  artifactKey: Guid(dff82e02ba4507a429ce06754fc498c1) Importer(2089858483,192608db42251d675da83286b1cce702)
Start importing Assets/Art/Icons/casino golden card.png using Guid(dff82e02ba4507a429ce06754fc498c1) Importer(2089858483,192608db42251d675da83286b1cce702) (ScriptedImporter) -> (artifact id: 'e2db4689e7452cc696d07653a3cacd10') in 0.1012861 seconds
Number of updated asset objects reloaded before import = 0Number of asset objects unloaded after import = 3

========================================================================
Received Import Request.
  Time since last request: 0.000057 seconds.
  path: Assets/ScriptableObjects/NPCs/NPC_Gatekeeper.asset
  artifactKey: Guid(e077935adad517748b57d2a13888f1ae) Importer(2089858483,192608db42251d675da83286b1cce702)
Start importing Assets/ScriptableObjects/NPCs/NPC_Gatekeeper.asset using Guid(e077935adad517748b57d2a13888f1ae) Importer(2089858483,192608db42251d675da83286b1cce702) (ScriptedImporter) -> (artifact id: 'b35c736a825c5ca9726a4cdfd5ed8909') in 0.1424968 seconds
Number of updated asset objects reloaded before import = 0Number of asset objects unloaded after import = 3

========================================================================
Received Import Request.
  Time since last request: 0.000155 seconds.
  path: Assets/TextMesh Pro/Shaders/TMP_SDF-Mobile SSD.shader
  artifactKey: Guid(c8d12adcee749c344b8117cf7c7eb912) Importer(2089858483,192608db42251d675da83286b1cce702)
Start importing Assets/TextMesh Pro/Shaders/TMP_SDF-Mobile SSD.shader using Guid(c8d12adcee749c344b8117cf7c7eb912) Importer(2089858483,192608db42251d675da83286b1cce702) (ScriptedImporter) -> (artifact id: '27e99ee3ab05e53c42042dda914d30db') in 0.0707263 seconds
Number of updated asset objects reloaded before import = 0Number of asset objects unloaded after import = 1

========================================================================
Received Import Request.
  Time since last request: 0.000038 seconds.
  path: Assets/ScriptableObjects/Rooms/Room_VIPRoom.asset
  artifactKey: Guid(f71940bc86b580c4b8b8f42a0108e6b8) Importer(2089858483,192608db42251d675da83286b1cce702)
Start importing Assets/ScriptableObjects/Rooms/Room_VIPRoom.asset using Guid(f71940bc86b580c4b8b8f42a0108e6b8) Importer(2089858483,192608db42251d675da83286b1cce702) (ScriptedImporter) -> (artifact id: '3963f22a1bcd21b43c62979d5b92f3fa') in 0.096497 seconds
Number of updated asset objects reloaded before import = 0Number of asset objects unloaded after import = 2

========================================================================
Received Import Request.
  Time since last request: 0.000051 seconds.
  path: Assets/TextMesh Pro/Resources/Style Sheets/Default Style Sheet.asset
  artifactKey: Guid(f952c082cb03451daed3ee968ac6c63e) Importer(2089858483,192608db42251d675da83286b1cce702)
Start importing Assets/TextMesh Pro/Resources/Style Sheets/Default Style Sheet.asset using Guid(f952c082cb03451daed3ee968ac6c63e) Importer(2089858483,192608db42251d675da83286b1cce702) (ScriptedImporter) -> (artifact id: 'a4cc49773463246d3012855be290ac89') in 0.0498049 seconds
Number of updated asset objects reloaded before import = 0Number of asset objects unloaded after import = 1

========================================================================
Received Import Request.
  Time since last request: 0.000076 seconds.
  path: Assets/TextMesh Pro/Resources/Fonts & Materials/LiberationSans SDF - Fallback.asset
  artifactKey: Guid(2e498d1c8094910479dc3e1b768306a4) Importer(2089858483,192608db42251d675da83286b1cce702)
Start importing Assets/TextMesh Pro/Resources/Fonts & Materials/LiberationSans SDF - Fallback.asset using Guid(2e498d1c8094910479dc3e1b768306a4) Importer(2089858483,192608db42251d675da83286b1cce702) (ScriptedImporter) -> (artifact id: '348e961ad46da43b32df617054ab7302') in 0.1803032 seconds
Number of updated asset objects reloaded before import = 0Number of asset objects unloaded after import = 5

========================================================================
Received Import Request.
  Time since last request: 0.000050 seconds.
  path: Assets/ScriptableObjects/Endings/Ending_EscapeSystem.asset
  artifactKey: Guid(cc20d8482c7fdfe4ea02db1319e8b7d3) Importer(2089858483,192608db42251d675da83286b1cce702)
Start importing Assets/ScriptableObjects/Endings/Ending_EscapeSystem.asset using Guid(cc20d8482c7fdfe4ea02db1319e8b7d3) Importer(2089858483,192608db42251d675da83286b1cce702) (ScriptedImporter) -> (artifact id: '5d90fcc3b118fca3c5df96bb0eb9bd47') in 0.0718404 seconds
Number of updated asset objects reloaded before import = 0Number of asset objects unloaded after import = 1

========================================================================
Received Import Request.
  Time since last request: 0.000061 seconds.
  path: Assets/TextMesh Pro/Resources/Fonts & Materials/LiberationSans SDF.asset
  artifactKey: Guid(8f586378b4e144a9851e7b34d9b748ee) Importer(2089858483,192608db42251d675da83286b1cce702)
Start importing Assets/TextMesh Pro/Resources/Fonts & Materials/LiberationSans SDF.asset using Guid(8f586378b4e144a9851e7b34d9b748ee) Importer(2089858483,192608db42251d675da83286b1cce702) (ScriptedImporter) -> (artifact id: '275d45a469f8422729cf7d8f52489471') in 0.1619622 seconds
Number of updated asset objects reloaded before import = 0Number of asset objects unloaded after import = 8

========================================================================
Received Import Request.
  Time since last request: 0.000131 seconds.
  path: Assets/TextMesh Pro/Shaders/TMP_Bitmap-Mobile.shader
  artifactKey: Guid(1e3b057af24249748ff873be7fafee47) Importer(2089858483,192608db42251d675da83286b1cce702)
Start importing Assets/TextMesh Pro/Shaders/TMP_Bitmap-Mobile.shader using Guid(1e3b057af24249748ff873be7fafee47) Importer(2089858483,192608db42251d675da83286b1cce702) (ScriptedImporter) -> (artifact id: '1f8641a5f5b3c7ecb2bbbda11562826c') in 0.0404676 seconds
Number of updated asset objects reloaded before import = 0Number of asset objects unloaded after import = 1

========================================================================
Received Import Request.
  Time since last request: 0.000078 seconds.
  path: Assets/Scripts/Scriptable objects/ItemData.cs
  artifactKey: Guid(3b2587a4ea2a7754f9c4a6a7f7bea7ad) Importer(2089858483,192608db42251d675da83286b1cce702)
Start importing Assets/Scripts/Scriptable objects/ItemData.cs using Guid(3b2587a4ea2a7754f9c4a6a7f7bea7ad) Importer(2089858483,192608db42251d675da83286b1cce702) (ScriptedImporter) -> (artifact id: '9854ab6220bdf18f744c72d04f589a83') in 0.0478204 seconds
Number of updated asset objects reloaded before import = 0Number of asset objects unloaded after import = 0

========================================================================
Received Import Request.
  Time since last request: 0.000039 seconds.
  path: Assets/TextMesh Pro/Resources/Sprite Assets/EmojiOne.asset
  artifactKey: Guid(c41005c129ba4d66911b75229fd70b45) Importer(2089858483,192608db42251d675da83286b1cce702)
Start importing Assets/TextMesh Pro/Resources/Sprite Assets/EmojiOne.asset using Guid(c41005c129ba4d66911b75229fd70b45) Importer(2089858483,192608db42251d675da83286b1cce702) (ScriptedImporter) -> (artifact id: '49bf61a2e00e83d80cb54cae5df9032f') in 0.0767856 seconds
Number of updated asset objects reloaded before import = 0Number of asset objects unloaded after import = 3

========================================================================
Received Import Request.
  Time since last request: 0.000048 seconds.
  path: Assets/Scenes/SampleScene.unity
  artifactKey: Guid(8c9cfa26abfee488c85f1582747f6a02) Importer(2089858483,192608db42251d675da83286b1cce702)
Start importing Assets/Scenes/SampleScene.unity using Guid(8c9cfa26abfee488c85f1582747f6a02) Importer(2089858483,192608db42251d675da83286b1cce702) (ScriptedImporter) -> (artifact id: 'ef88cd58a2e9570dab994685574b8482') in 0.1038214 seconds
Number of updated asset objects reloaded before import = 0Number of asset objects unloaded after import = 1

========================================================================
Received Import Request.
  Time since last request: 0.000085 seconds.
  path: Assets/Settings/Scenes/URP2DSceneTemplate.unity
  artifactKey: Guid(2cda990e2423bbf4892e6590ba056729) Importer(2089858483,192608db42251d675da83286b1cce702)
Start importing Assets/Settings/Scenes/URP2DSceneTemplate.unity using Guid(2cda990e2423bbf4892e6590ba056729) Importer(2089858483,192608db42251d675da83286b1cce702) (ScriptedImporter) -> (artifact id: 'e134fc10630ed8b45ca44ce41ce18463') in 0.0750826 seconds
Number of updated asset objects reloaded before import = 0Number of asset objects unloaded after import = 1

========================================================================
Received Import Request.
  Time since last request: 0.000056 seconds.
  path: Assets/ScriptableObjects/Quests/Quest_FirstBet.asset
  artifactKey: Guid(b6ffbcea6d4833a4598ff1a5fbf8b9c3) Importer(2089858483,192608db42251d675da83286b1cce702)
Start importing Assets/ScriptableObjects/Quests/Quest_FirstBet.asset using Guid(b6ffbcea6d4833a4598ff1a5fbf8b9c3) Importer(2089858483,192608db42251d675da83286b1cce702) (ScriptedImporter) -> (artifact id: '33a094e921b85b21a6d011bd3d3e222b') in 0.085081 seconds
Number of updated asset objects reloaded before import = 0Number of asset objects unloaded after import = 1

========================================================================
Received Import Request.
  Time since last request: 0.000167 seconds.
  path: Assets/TextMesh Pro/Shaders/TMP_SDF-Surface.shader
  artifactKey: Guid(f7ada0af4f174f0694ca6a487b8f543d) Importer(2089858483,192608db42251d675da83286b1cce702)
Start importing Assets/TextMesh Pro/Shaders/TMP_SDF-Surface.shader using Guid(f7ada0af4f174f0694ca6a487b8f543d) Importer(2089858483,192608db42251d675da83286b1cce702) (ScriptedImporter) -> (artifact id: '43034b614867b99a8b303c19e3d225a3') in 0.0535763 seconds
Number of updated asset objects reloaded before import = 0Number of asset objects unloaded after import = 1

========================================================================
Received Import Request.
  Time since last request: 0.000043 seconds.
  path: Assets/Scenes/Ending_BigWinner.unity
  artifactKey: Guid(6060d240afaffb245bc4dbba5a2c247f) Importer(2089858483,192608db42251d675da83286b1cce702)
Start importing Assets/Scenes/Ending_BigWinner.unity using Guid(6060d240afaffb245bc4dbba5a2c247f) Importer(2089858483,192608db42251d675da83286b1cce702) (ScriptedImporter) -> (artifact id: '088499e09b1aa76bec3d3fd9f4f8b920') in 0.0924855 seconds
Number of updated asset objects reloaded before import = 0Number of asset objects unloaded after import = 1

========================================================================
Received Import Request.
  Time since last request: 0.000088 seconds.
  path: Assets/Scripts/Scriptable objects/QuestData.cs
  artifactKey: Guid(743e09f7570e0d14ba81368d78502699) Importer(2089858483,192608db42251d675da83286b1cce702)
Start importing Assets/Scripts/Scriptable objects/QuestData.cs using Guid(743e09f7570e0d14ba81368d78502699) Importer(2089858483,192608db42251d675da83286b1cce702) (ScriptedImporter) -> (artifact id: 'f3a25824ad84ecdd9a99fe141b0ae4ac') in 0.0491844 seconds
Number of updated asset objects reloaded before import = 0Number of asset objects unloaded after import = 0

========================================================================
Received Import Request.
  Time since last request: 0.000038 seconds.
  path: Assets/TextMesh Pro/Fonts/LiberationSans - OFL.txt
  artifactKey: Guid(6e59c59b81ab47f9b6ec5781fa725d2c) Importer(2089858483,192608db42251d675da83286b1cce702)
Start importing Assets/TextMesh Pro/Fonts/LiberationSans - OFL.txt using Guid(6e59c59b81ab47f9b6ec5781fa725d2c) Importer(2089858483,192608db42251d675da83286b1cce702) (ScriptedImporter) -> (artifact id: '684d4d3cd6fa95147d7073c3ee5abb52') in 0.0587411 seconds
Number of updated asset objects reloaded before import = 0Number of asset objects unloaded after import = 1

========================================================================
Received Import Request.
  Time since last request: 0.000119 seconds.
  path: Assets/TextMesh Pro/Shaders/TMPro_Properties.cginc
  artifactKey: Guid(3997e2241185407d80309a82f9148466) Importer(2089858483,192608db42251d675da83286b1cce702)
Start importing Assets/TextMesh Pro/Shaders/TMPro_Properties.cginc using Guid(3997e2241185407d80309a82f9148466) Importer(2089858483,192608db42251d675da83286b1cce702) (ScriptedImporter) -> (artifact id: '6e970de25bade7673896491156ff745f') in 0.0759719 seconds
Number of updated asset objects reloaded before import = 0Number of asset objects unloaded after import = 1

========================================================================
Received Import Request.
  Time since last request: 0.000079 seconds.
  path: Assets/TextMesh Pro/Shaders/TMP_SDF.shader
  artifactKey: Guid(68e6db2ebdc24f95958faec2be5558d6) Importer(2089858483,192608db42251d675da83286b1cce702)
Start importing Assets/TextMesh Pro/Shaders/TMP_SDF.shader using Guid(68e6db2ebdc24f95958faec2be5558d6) Importer(2089858483,192608db42251d675da83286b1cce702) (ScriptedImporter) -> (artifact id: '8ada5e3ea35ca77b0e2ef2efcde619a6') in 0.0512625 seconds
Number of updated asset objects reloaded before import = 0Number of asset objects unloaded after import = 1

========================================================================
Received Import Request.
  Time since last request: 0.000038 seconds.
  path: Assets/Art/UI/casino inventory icon.png
  artifactKey: Guid(1eba3580aab11c84dba0219f9d268f2c) Importer(2089858483,192608db42251d675da83286b1cce702)
Start importing Assets/Art/UI/casino inventory icon.png using Guid(1eba3580aab11c84dba0219f9d268f2c) Importer(2089858483,192608db42251d675da83286b1cce702) (ScriptedImporter) -> (artifact id: '1bb69a8ea7b966fc3913350570d1d643') in 0.1116077 seconds
Number of updated asset objects reloaded before import = 0Number of asset objects unloaded after import = 3

========================================================================
Received Import Request.
  Time since last request: 0.000061 seconds.
  path: Assets/TextMesh Pro/Shaders/TMP_SDF-Surface-Mobile.shader
  artifactKey: Guid(85187c2149c549c5b33f0cdb02836b17) Importer(2089858483,192608db42251d675da83286b1cce702)
Start importing Assets/TextMesh Pro/Shaders/TMP_SDF-Surface-Mobile.shader using Guid(85187c2149c549c5b33f0cdb02836b17) Importer(2089858483,192608db42251d675da83286b1cce702) (ScriptedImporter) -> (artifact id: 'e3ea4355551dda22026dc2657573f8aa') in 0.0477335 seconds
Number of updated asset objects reloaded before import = 0Number of asset objects unloaded after import = 1

========================================================================
Received Import Request.
  Time since last request: 0.000076 seconds.
  path: Assets/Art/Characters/Casino host.png
  artifactKey: Guid(e51b7868a28e1fd4580a479d6afd031f) Importer(2089858483,192608db42251d675da83286b1cce702)
Start importing Assets/Art/Characters/Casino host.png using Guid(e51b7868a28e1fd4580a479d6afd031f) Importer(2089858483,192608db42251d675da83286b1cce702) (ScriptedImporter) -> (artifact id: '5bbc5b4e0bbc12649edac34dd0dd03fe') in 0.1100796 seconds
Number of updated asset objects reloaded before import = 0Number of asset objects unloaded after import = 3

========================================================================
Received Import Request.
  Time since last request: 0.000049 seconds.
  path: Assets/TextMesh Pro/Resources/LineBreaking Leading Characters.txt
  artifactKey: Guid(d82c1b31c7e74239bff1220585707d2b) Importer(2089858483,192608db42251d675da83286b1cce702)
Start importing Assets/TextMesh Pro/Resources/LineBreaking Leading Characters.txt using Guid(d82c1b31c7e74239bff1220585707d2b) Importer(2089858483,192608db42251d675da83286b1cce702) (ScriptedImporter) -> (artifact id: 'd02821f2e0265512337c77020d431437') in 0.0445731 seconds
Number of updated asset objects reloaded before import = 0Number of asset objects unloaded after import = 1

========================================================================
Received Import Request.
  Time since last request: 0.000060 seconds.
  path: Assets/TextMesh Pro/Resources/Fonts & Materials/LiberationSans SDF - Drop Shadow.mat
  artifactKey: Guid(e73a58f6e2794ae7b1b7e50b7fb811b0) Importer(2089858483,192608db42251d675da83286b1cce702)
Start importing Assets/TextMesh Pro/Resources/Fonts & Materials/LiberationSans SDF - Drop Shadow.mat using Guid(e73a58f6e2794ae7b1b7e50b7fb811b0) Importer(2089858483,192608db42251d675da83286b1cce702) (ScriptedImporter) -> (artifact id: '09bb851ca97a05827592fae2026dee3d') in 0.0890549 seconds
Number of updated asset objects reloaded before import = 0Number of asset objects unloaded after import = 2

========================================================================
Received Import Request.
  Time since last request: 0.000036 seconds.
  path: Assets/Art/Characters/Casino gatekeeper.png
  artifactKey: Guid(e1f4754b275dbc94c9edf82cec252086) Importer(2089858483,192608db42251d675da83286b1cce702)
Start importing Assets/Art/Characters/Casino gatekeeper.png using Guid(e1f4754b275dbc94c9edf82cec252086) Importer(2089858483,192608db42251d675da83286b1cce702) (ScriptedImporter) -> (artifact id: 'f35aae710448988fa1ed79d985eed0db') in 0.128126 seconds
Number of updated asset objects reloaded before import = 0Number of asset objects unloaded after import = 3

========================================================================
Received Import Request.
  Time since last request: 0.000200 seconds.
  path: Assets/TextMesh Pro/Shaders/TMPro.cginc
  artifactKey: Guid(407bc68d299748449bbf7f48ee690f8d) Importer(2089858483,192608db42251d675da83286b1cce702)
Start importing Assets/TextMesh Pro/Shaders/TMPro.cginc using Guid(407bc68d299748449bbf7f48ee690f8d) Importer(2089858483,192608db42251d675da83286b1cce702) (ScriptedImporter) -> (artifact id: 'a393f8d4463e6d1e94305f9a70495ec3') in 0.0627213 seconds
Number of updated asset objects reloaded before import = 0Number of asset objects unloaded after import = 1

========================================================================
Received Import Request.
  Time since last request: 0.000056 seconds.
  path: Assets/Art/UI/casino quest icon.png
  artifactKey: Guid(65d0e8671a0ee744f8cf99282c3ff150) Importer(2089858483,192608db42251d675da83286b1cce702)
Start importing Assets/Art/UI/casino quest icon.png using Guid(65d0e8671a0ee744f8cf99282c3ff150) Importer(2089858483,192608db42251d675da83286b1cce702) (ScriptedImporter) -> (artifact id: 'ed00e484fd6f55ee848e4988c3863f42') in 0.1066048 seconds
Number of updated asset objects reloaded before import = 0Number of asset objects unloaded after import = 3

========================================================================
Received Import Request.
  Time since last request: 0.000056 seconds.
  path: Assets/Scripts/Scriptable objects/RoomData.cs
  artifactKey: Guid(69a811fb026de05418bd7fd81c1cf5b8) Importer(2089858483,192608db42251d675da83286b1cce702)
Start importing Assets/Scripts/Scriptable objects/RoomData.cs using Guid(69a811fb026de05418bd7fd81c1cf5b8) Importer(2089858483,192608db42251d675da83286b1cce702) (ScriptedImporter) -> (artifact id: '8147af038f6f4cc71fc4a42dabd82ce4') in 0.042074 seconds
Number of updated asset objects reloaded before import = 0Number of asset objects unloaded after import = 0

========================================================================
Received Import Request.
  Time since last request: 0.000092 seconds.
  path: Assets/ScriptableObjects/Items/Item_GoldenCard.asset
  artifactKey: Guid(933b317661a4bbb4eaa5c12b30ab9d24) Importer(2089858483,192608db42251d675da83286b1cce702)
Start importing Assets/ScriptableObjects/Items/Item_GoldenCard.asset using Guid(933b317661a4bbb4eaa5c12b30ab9d24) Importer(2089858483,192608db42251d675da83286b1cce702) (ScriptedImporter) -> (artifact id: '52c1930761f318100dd5245d2b6dc5cd') in 0.0454232 seconds
Number of updated asset objects reloaded before import = 0Number of asset objects unloaded after import = 1

========================================================================
Received Import Request.
  Time since last request: 0.000050 seconds.
  path: Assets/TextMesh Pro/Shaders/SDFFunctions.hlsl
  artifactKey: Guid(96de908384869cd409c75efa351d5edf) Importer(2089858483,192608db42251d675da83286b1cce702)
Start importing Assets/TextMesh Pro/Shaders/SDFFunctions.hlsl using Guid(96de908384869cd409c75efa351d5edf) Importer(2089858483,192608db42251d675da83286b1cce702) (ScriptedImporter) -> (artifact id: '21aa3e7cab7a1cf2de91ffd5cc631d43') in 0.0631869 seconds
Number of updated asset objects reloaded before import = 0Number of asset objects unloaded after import = 1

========================================================================
Received Import Request.
  Time since last request: 0.000351 seconds.
  path: Assets/Art/Icons/casino ledger.png
  artifactKey: Guid(ddcb89d7820c60f4db1d0e7daa3c0f49) Importer(2089858483,192608db42251d675da83286b1cce702)
Start importing Assets/Art/Icons/casino ledger.png using Guid(ddcb89d7820c60f4db1d0e7daa3c0f49) Importer(2089858483,192608db42251d675da83286b1cce702) (ScriptedImporter) -> (artifact id: '786701d89840a77d1e85737b425b9c8d') in 0.1088738 seconds
Number of updated asset objects reloaded before import = 0Number of asset objects unloaded after import = 3

========================================================================
Received Import Request.
  Time since last request: 0.000062 seconds.
  path: Assets/ScriptableObjects/NPCs/NPC_Dealer.asset
  artifactKey: Guid(dce50a8ec398b014ba12dc696fb28573) Importer(2089858483,192608db42251d675da83286b1cce702)
Start importing Assets/ScriptableObjects/NPCs/NPC_Dealer.asset using Guid(dce50a8ec398b014ba12dc696fb28573) Importer(2089858483,192608db42251d675da83286b1cce702) (ScriptedImporter) -> (artifact id: '442a9699855d4fcfe6ef102eff5e2d09') in 0.0612031 seconds
Number of updated asset objects reloaded before import = 0Number of asset objects unloaded after import = 3

========================================================================
Received Import Request.
  Time since last request: 0.000064 seconds.
  path: Assets/ScriptableObjects/Rooms/Room_HighRollerTable.asset
  artifactKey: Guid(e93fcd153915c9649a6d0834d0681266) Importer(2089858483,192608db42251d675da83286b1cce702)
Start importing Assets/ScriptableObjects/Rooms/Room_HighRollerTable.asset using Guid(e93fcd153915c9649a6d0834d0681266) Importer(2089858483,192608db42251d675da83286b1cce702) (ScriptedImporter) -> (artifact id: '3e4cd0f502b616d8d32e6ed7d9751c98') in 0.1305976 seconds
Number of updated asset objects reloaded before import = 0Number of asset objects unloaded after import = 3

========================================================================
Received Import Request.
  Time since last request: 0.000068 seconds.
  path: Assets/Scenes/Ending_EscapeSystem.unity
  artifactKey: Guid(720c778eb6f7cfa4db7e93c85022400f) Importer(2089858483,192608db42251d675da83286b1cce702)
Start importing Assets/Scenes/Ending_EscapeSystem.unity using Guid(720c778eb6f7cfa4db7e93c85022400f) Importer(2089858483,192608db42251d675da83286b1cce702) (ScriptedImporter) -> (artifact id: '407cf6d0f7510edbaf90d0ebe9486938') in 0.0785651 seconds
Number of updated asset objects reloaded before import = 0Number of asset objects unloaded after import = 1

========================================================================
Received Import Request.
  Time since last request: 0.000046 seconds.
  path: Assets/Scripts/Scriptable objects/EndingData.cs
  artifactKey: Guid(bc5c235f1d686b2489c42e8cee584f97) Importer(2089858483,192608db42251d675da83286b1cce702)
Start importing Assets/Scripts/Scriptable objects/EndingData.cs using Guid(bc5c235f1d686b2489c42e8cee584f97) Importer(2089858483,192608db42251d675da83286b1cce702) (ScriptedImporter) -> (artifact id: 'd0664a78a62f6a51f6e202fa3c56d6fc') in 0.037252 seconds
Number of updated asset objects reloaded before import = 0Number of asset objects unloaded after import = 0

========================================================================
Received Import Request.
  Time since last request: 0.000048 seconds.
  path: Assets/Scripts/Scriptable objects/NPCData.cs
  artifactKey: Guid(e8a08e1012d11724abb669ecd6e0a1f9) Importer(2089858483,192608db42251d675da83286b1cce702)
Start importing Assets/Scripts/Scriptable objects/NPCData.cs using Guid(e8a08e1012d11724abb669ecd6e0a1f9) Importer(2089858483,192608db42251d675da83286b1cce702) (ScriptedImporter) -> (artifact id: '060880d701f958defd1fc0249e4bac76') in 0.044737 seconds
Number of updated asset objects reloaded before import = 0Number of asset objects unloaded after import = 0

========================================================================
Received Import Request.
  Time since last request: 0.000058 seconds.
  path: Assets/ScriptableObjects/Dialogue/Dialogue_HighRollerDealer.asset
  artifactKey: Guid(0e9407593e3071d49836f7e2086ae678) Importer(2089858483,192608db42251d675da83286b1cce702)
Start importing Assets/ScriptableObjects/Dialogue/Dialogue_HighRollerDealer.asset using Guid(0e9407593e3071d49836f7e2086ae678) Importer(2089858483,192608db42251d675da83286b1cce702) (ScriptedImporter) -> (artifact id: '5bda3ad6716e6f2be591ae4d24e15b89') in 0.0401459 seconds
Number of updated asset objects reloaded before import = 0Number of asset objects unloaded after import = 1

========================================================================
Received Import Request.
  Time since last request: 0.000045 seconds.
  path: Assets/TextMesh Pro/Shaders/TMP_SDF-Mobile-2-Pass.shader
  artifactKey: Guid(0178fcb869bafef4690d177d31d17db8) Importer(2089858483,192608db42251d675da83286b1cce702)
Start importing Assets/TextMesh Pro/Shaders/TMP_SDF-Mobile-2-Pass.shader using Guid(0178fcb869bafef4690d177d31d17db8) Importer(2089858483,192608db42251d675da83286b1cce702) (ScriptedImporter) -> (artifact id: 'd75789a071d4e5e024ae1a253a3ccb80') in 0.0549183 seconds
Number of updated asset objects reloaded before import = 0Number of asset objects unloaded after import = 1

========================================================================
Received Import Request.
  Time since last request: 0.000055 seconds.
  path: Assets/UniversalRenderPipelineGlobalSettings.asset
  artifactKey: Guid(93b439a37f63240aca3dd4e01d978a9f) Importer(2089858483,192608db42251d675da83286b1cce702)
Start importing Assets/UniversalRenderPipelineGlobalSettings.asset using Guid(93b439a37f63240aca3dd4e01d978a9f) Importer(2089858483,192608db42251d675da83286b1cce702) (ScriptedImporter) -> (artifact id: '8beb530548ca9ca29fe456e9f75ff50f') in 0.2640353 seconds
Number of updated asset objects reloaded before import = 0Number of asset objects unloaded after import = 0

========================================================================
Received Import Request.
  Time since last request: 0.000118 seconds.
  path: Assets/Art/UI/casino dialogue box.png
  artifactKey: Guid(822ae882ecee4cb43a9be3e7feb33764) Importer(2089858483,192608db42251d675da83286b1cce702)
Start importing Assets/Art/UI/casino dialogue box.png using Guid(822ae882ecee4cb43a9be3e7feb33764) Importer(2089858483,192608db42251d675da83286b1cce702) (ScriptedImporter) -> (artifact id: '56cddcc9484cb3a6026ac3d25780d51b') in 0.1009788 seconds
Number of updated asset objects reloaded before import = 0Number of asset objects unloaded after import = 3

========================================================================
Received Import Request.
  Time since last request: 0.000060 seconds.
  path: Assets/Scripts/Game Manager/SaveManager.cs
  artifactKey: Guid(2741944912402e043b4fedc229a09616) Importer(2089858483,192608db42251d675da83286b1cce702)
Start importing Assets/Scripts/Game Manager/SaveManager.cs using Guid(2741944912402e043b4fedc229a09616) Importer(2089858483,192608db42251d675da83286b1cce702) (ScriptedImporter) -> (artifact id: 'a2dd84567ef7161a93b68a78f2a9b901') in 0.0343274 seconds
Number of updated asset objects reloaded before import = 0Number of asset objects unloaded after import = 0

========================================================================
Received Import Request.
  Time since last request: 0.000087 seconds.
  path: Assets/Art/Icons/casino chips.png
  artifactKey: Guid(ae1bd98e7d7ca9345be97df1e1ad516b) Importer(2089858483,192608db42251d675da83286b1cce702)
Start importing Assets/Art/Icons/casino chips.png using Guid(ae1bd98e7d7ca9345be97df1e1ad516b) Importer(2089858483,192608db42251d675da83286b1cce702) (ScriptedImporter) -> (artifact id: 'fb525ddc08ba30cc091b3bec1b9a8778') in 0.110367 seconds
Number of updated asset objects reloaded before import = 0Number of asset objects unloaded after import = 3

========================================================================
Received Import Request.
  Time since last request: 0.000073 seconds.
  path: Assets/TextMesh Pro/Shaders/TMP_SDF-HDRP UNLIT.shadergraph
  artifactKey: Guid(f63d574838ccfb44f84acc05fed0af48) Importer(2089858483,192608db42251d675da83286b1cce702)
Start importing Assets/TextMesh Pro/Shaders/TMP_SDF-HDRP UNLIT.shadergraph using Guid(f63d574838ccfb44f84acc05fed0af48) Importer(2089858483,192608db42251d675da83286b1cce702) (ScriptedImporter) -> (artifact id: 'e09aee6fc55b838379f7efcbae644979') in 0.081785 seconds
Number of updated asset objects reloaded before import = 0Number of asset objects unloaded after import = 3

========================================================================
Received Import Request.
  Time since last request: 0.000067 seconds.
  path: Assets/TextMesh Pro/Shaders/TMP_Sprite.shader
  artifactKey: Guid(cf81c85f95fe47e1a27f6ae460cf182c) Importer(2089858483,192608db42251d675da83286b1cce702)
Start importing Assets/TextMesh Pro/Shaders/TMP_Sprite.shader using Guid(cf81c85f95fe47e1a27f6ae460cf182c) Importer(2089858483,192608db42251d675da83286b1cce702) (ScriptedImporter) -> (artifact id: '8520911658045a698ded1bd02b91db28') in 0.0446844 seconds
Number of updated asset objects reloaded before import = 0Number of asset objects unloaded after import = 1

========================================================================
Received Import Request.
  Time since last request: 0.000034 seconds.
  path: Assets/Art/UI/casino choice button.png
  artifactKey: Guid(38e94956033ab8847a1b328e4f3ae441) Importer(2089858483,192608db42251d675da83286b1cce702)
Start importing Assets/Art/UI/casino choice button.png using Guid(38e94956033ab8847a1b328e4f3ae441) Importer(2089858483,192608db42251d675da83286b1cce702) (ScriptedImporter) -> (artifact id: 'ece66cb18bb66f2cf98301eeef1b1c36') in 0.1060323 seconds
Number of updated asset objects reloaded before import = 0Number of asset objects unloaded after import = 3

========================================================================
Received Import Request.
  Time since last request: 0.000066 seconds.
  path: Assets/ScriptableObjects/NPCs/NPC_HighRollerDealer.asset
  artifactKey: Guid(c72223a7efeaf3749a0a2388dbdfa935) Importer(2089858483,192608db42251d675da83286b1cce702)
Start importing Assets/ScriptableObjects/NPCs/NPC_HighRollerDealer.asset using Guid(c72223a7efeaf3749a0a2388dbdfa935) Importer(2089858483,192608db42251d675da83286b1cce702) (ScriptedImporter) -> (artifact id: 'cef68b9b0bb5bfb7e761eb2f624e6696') in 0.0700991 seconds
Number of updated asset objects reloaded before import = 0Number of asset objects unloaded after import = 2

========================================================================
Received Import Request.
  Time since last request: 0.000076 seconds.
  path: Assets/TextMesh Pro/Resources/Fonts & Materials/LiberationSans SDF - Outline.mat
  artifactKey: Guid(79459efec17a4d00a321bdcc27bbc385) Importer(2089858483,192608db42251d675da83286b1cce702)
Start importing Assets/TextMesh Pro/Resources/Fonts & Materials/LiberationSans SDF - Outline.mat using Guid(79459efec17a4d00a321bdcc27bbc385) Importer(2089858483,192608db42251d675da83286b1cce702) (ScriptedImporter) -> (artifact id: 'b324334a6765dbcb921b2a7d1a4da5fe') in 0.0852846 seconds
Number of updated asset objects reloaded before import = 0Number of asset objects unloaded after import = 2

========================================================================
Received Prepare
Begin MonoManager ReloadAssembly
- Loaded All Assemblies, in  2.347 seconds
Refreshing native plugins compatible for Editor in 13.00 ms, found 5 plugins.
Native extension for WindowsStandalone target not found
[Package Manager] Failed to launch server process. Reason: Unity was launched with the -noUpm command-line argument
[Package Manager] Unable to send message (not connected to server process).
[Package Manager] Cannot connect to Unity Package Manager local server
Mono: successfully reloaded assembly
- Finished resetting the current domain, in  2.696 seconds
Domain Reload Profiling: 5049ms
	BeginReloadAssembly (644ms)
		ExecutionOrderSort (0ms)
		DisableScriptedObjects (47ms)
		BackupInstance (0ms)
		ReleaseScriptingObjects (1ms)
		CreateAndSetChildDomain (192ms)
	RebuildCommonClasses (79ms)
	RebuildNativeTypeToScriptingClass (34ms)
	initialDomainReloadingComplete (89ms)
	LoadAllAssembliesAndSetupDomain (1505ms)
		LoadAssemblies (1116ms)
		RebuildTransferFunctionScriptingTraits (0ms)
		AnalyzeDomain (643ms)
			TypeCache.Refresh (22ms)
				TypeCache.ScanAssembly (0ms)
			BuildScriptInfoCaches (570ms)
			ResolveRequiredComponents (37ms)
	FinalizeReload (2698ms)
		ReleaseScriptCaches (0ms)
		RebuildScriptCaches (0ms)
		SetupLoadedEditorAssemblies (2185ms)
			LogAssemblyErrors (0ms)
			InitializePlatformSupportModulesInManaged (8ms)
			SetLoadedEditorAssemblies (23ms)
			BeforeProcessingInitializeOnLoad (607ms)
			ProcessInitializeOnLoadAttributes (1322ms)
			ProcessInitializeOnLoadMethodAttributes (212ms)
			AfterProcessingInitializeOnLoad (13ms)
			EditorAssembliesLoaded (1ms)
		ExecutionOrderSort2 (0ms)
		AwakeInstancesAfterBackupRestoration (43ms)
Refreshing native plugins compatible for Editor in 5.92 ms, found 5 plugins.
Preloading 0 native plugins for Editor in 0.00 ms.
Unloading 13 Unused Serialized files (Serialized files now loaded: 0)
Unloading 6985 unused Assets / (4.5 MB). Loaded Objects now: 7727.
Memory consumption went from 152.8 MB to 148.2 MB.
Total: 19.567000 ms (FindLiveObjects: 2.154600 ms CreateObjectMapping: 1.549400 ms MarkObjects: 10.026900 ms  DeleteObjects: 5.832600 ms)

Prepare: number of updated asset objects reloaded= 0
========================================================================
Received Import Request.
  Time since last request: 459.455422 seconds.
  path: Assets/Scripts/EntranceLobby
  artifactKey: Guid(903d864e80e5ab7459fbe466c65cd94f) Importer(815301076,1909f56bfc062723c751e8b465ee728b)
Start importing Assets/Scripts/EntranceLobby using Guid(903d864e80e5ab7459fbe466c65cd94f) Importer(815301076,1909f56bfc062723c751e8b465ee728b) (PreviewImporter) -> (artifact id: '886e4f299b3d9b7c03241c4b04f44500') in 0.0393285 seconds
Number of updated asset objects reloaded before import = 0Number of asset objects unloaded after import = 0

========================================================================
Received Prepare
Refreshing native plugins compatible for Editor in 11.61 ms, found 5 plugins.
Preloading 0 native plugins for Editor in 0.00 ms.
Unloading 13 Unused Serialized files (Serialized files now loaded: 0)
Unloading 6968 unused Assets / (4.2 MB). Loaded Objects now: 7728.
Memory consumption went from 152.9 MB to 148.7 MB.
Total: 114.471500 ms (FindLiveObjects: 2.071800 ms CreateObjectMapping: 1.506300 ms MarkObjects: 102.481600 ms  DeleteObjects: 8.408600 ms)

Prepare: number of updated asset objects reloaded= 0
========================================================================
Received Import Request.
  Time since last request: 26.896043 seconds.
  path: Assets/Scripts/EntranceLobby/EntranceLobbyController.cs
  artifactKey: Guid(3bf2d23391500194a978307f1024ecbe) Importer(815301076,1909f56bfc062723c751e8b465ee728b)
Start importing Assets/Scripts/EntranceLobby/EntranceLobbyController.cs using Guid(3bf2d23391500194a978307f1024ecbe) Importer(815301076,1909f56bfc062723c751e8b465ee728b) (PreviewImporter) -> (artifact id: 'f5e0f2c0b001b4d7e6b0656fb75b0a81') in 0.0105324 seconds
Number of updated asset objects reloaded before import = 0Number of asset objects unloaded after import = 0

========================================================================
Received Prepare
Refreshing native plugins compatible for Editor in 17.68 ms, found 5 plugins.
Preloading 0 native plugins for Editor in 0.00 ms.
Unloading 13 Unused Serialized files (Serialized files now loaded: 0)
Unloading 6968 unused Assets / (5.2 MB). Loaded Objects now: 7728.
Memory consumption went from 152.9 MB to 147.6 MB.
Total: 83.446700 ms (FindLiveObjects: 3.812300 ms CreateObjectMapping: 19.409100 ms MarkObjects: 39.931300 ms  DeleteObjects: 20.286100 ms)

Prepare: number of updated asset objects reloaded= 0
========================================================================
Received Import Request.
  Time since last request: 83.157528 seconds.
  path: Assets/Scripts/EntranceLobby/EntranceLobbyController.cs
  artifactKey: Guid(3bf2d23391500194a978307f1024ecbe) Importer(815301076,1909f56bfc062723c751e8b465ee728b)
Start importing Assets/Scripts/EntranceLobby/EntranceLobbyController.cs using Guid(3bf2d23391500194a978307f1024ecbe) Importer(815301076,1909f56bfc062723c751e8b465ee728b) (PreviewImporter) -> (artifact id: '7a17b8ea2321c2ca9ddaff55dab5c76b') in 0.0109303 seconds
Number of updated asset objects reloaded before import = 0Number of asset objects unloaded after import = 0

========================================================================
Received Prepare
Begin MonoManager ReloadAssembly
- Loaded All Assemblies, in  3.657 seconds
Refreshing native plugins compatible for Editor in 6.92 ms, found 5 plugins.
Native extension for WindowsStandalone target not found
[Package Manager] Failed to launch server process. Reason: Unity was launched with the -noUpm command-line argument
[Package Manager] Unable to send message (not connected to server process).
[Package Manager] Cannot connect to Unity Package Manager local server
Mono: successfully reloaded assembly
- Finished resetting the current domain, in  2.192 seconds
Domain Reload Profiling: 5854ms
	BeginReloadAssembly (1233ms)
		ExecutionOrderSort (0ms)
		DisableScriptedObjects (125ms)
		BackupInstance (0ms)
		ReleaseScriptingObjects (1ms)
		CreateAndSetChildDomain (571ms)
	RebuildCommonClasses (102ms)
	RebuildNativeTypeToScriptingClass (30ms)
	initialDomainReloadingComplete (91ms)
	LoadAllAssembliesAndSetupDomain (2205ms)
		LoadAssemblies (1765ms)
		RebuildTransferFunctionScriptingTraits (0ms)
		AnalyzeDomain (789ms)
			TypeCache.Refresh (53ms)
				TypeCache.ScanAssembly (2ms)
			BuildScriptInfoCaches (678ms)
			ResolveRequiredComponents (40ms)
	FinalizeReload (2194ms)
		ReleaseScriptCaches (0ms)
		RebuildScriptCaches (0ms)
		SetupLoadedEditorAssemblies (1820ms)
			LogAssemblyErrors (0ms)
			InitializePlatformSupportModulesInManaged (19ms)
			SetLoadedEditorAssemblies (20ms)
			BeforeProcessingInitializeOnLoad (580ms)
			ProcessInitializeOnLoadAttributes (992ms)
			ProcessInitializeOnLoadMethodAttributes (200ms)
			AfterProcessingInitializeOnLoad (8ms)
			EditorAssembliesLoaded (1ms)
		ExecutionOrderSort2 (0ms)
		AwakeInstancesAfterBackupRestoration (30ms)
Refreshing native plugins compatible for Editor in 5.80 ms, found 5 plugins.
Preloading 0 native plugins for Editor in 0.00 ms.
Unloading 13 Unused Serialized files (Serialized files now loaded: 0)
Unloading 6984 unused Assets / (4.5 MB). Loaded Objects now: 7731.
Memory consumption went from 152.8 MB to 148.3 MB.
Total: 19.998100 ms (FindLiveObjects: 1.937000 ms CreateObjectMapping: 0.969000 ms MarkObjects: 9.945300 ms  DeleteObjects: 7.143000 ms)

Prepare: number of updated asset objects reloaded= 0
========================================================================
Received Import Request.
  Time since last request: 26.858609 seconds.
  path: Assets/Scripts/EntranceLobby/EntranceLobbyController.cs
  artifactKey: Guid(3bf2d23391500194a978307f1024ecbe) Importer(815301076,1909f56bfc062723c751e8b465ee728b)
Start importing Assets/Scripts/EntranceLobby/EntranceLobbyController.cs using Guid(3bf2d23391500194a978307f1024ecbe) Importer(815301076,1909f56bfc062723c751e8b465ee728b) (PreviewImporter) -> (artifact id: '671715f95b7c2eb10019a4f7eb99b86f') in 0.0097614 seconds
Number of updated asset objects reloaded before import = 0Number of asset objects unloaded after import = 0

========================================================================
Received Prepare
Begin MonoManager ReloadAssembly
- Loaded All Assemblies, in  2.311 seconds
Refreshing native plugins compatible for Editor in 10.70 ms, found 5 plugins.
Native extension for WindowsStandalone target not found
[Package Manager] Failed to launch server process. Reason: Unity was launched with the -noUpm command-line argument
[Package Manager] Unable to send message (not connected to server process).
[Package Manager] Cannot connect to Unity Package Manager local server
Mono: successfully reloaded assembly
- Finished resetting the current domain, in  2.911 seconds
Domain Reload Profiling: 5231ms
	BeginReloadAssembly (533ms)
		ExecutionOrderSort (0ms)
		DisableScriptedObjects (47ms)
		BackupInstance (0ms)
		ReleaseScriptingObjects (1ms)
		CreateAndSetChildDomain (135ms)
	RebuildCommonClasses (95ms)
	RebuildNativeTypeToScriptingClass (24ms)
	initialDomainReloadingComplete (66ms)
	LoadAllAssembliesAndSetupDomain (1600ms)
		LoadAssemblies (1210ms)
		RebuildTransferFunctionScriptingTraits (0ms)
		AnalyzeDomain (618ms)
			TypeCache.Refresh (17ms)
				TypeCache.ScanAssembly (0ms)
			BuildScriptInfoCaches (554ms)
			ResolveRequiredComponents (34ms)
	FinalizeReload (2914ms)
		ReleaseScriptCaches (0ms)
		RebuildScriptCaches (0ms)
		SetupLoadedEditorAssemblies (2457ms)
			LogAssemblyErrors (0ms)
			InitializePlatformSupportModulesInManaged (9ms)
			SetLoadedEditorAssemblies (19ms)
			BeforeProcessingInitializeOnLoad (629ms)
			ProcessInitializeOnLoadAttributes (1510ms)
			ProcessInitializeOnLoadMethodAttributes (261ms)
			AfterProcessingInitializeOnLoad (24ms)
			EditorAssembliesLoaded (6ms)
		ExecutionOrderSort2 (0ms)
		AwakeInstancesAfterBackupRestoration (60ms)
Refreshing native plugins compatible for Editor in 17.28 ms, found 5 plugins.
Preloading 0 native plugins for Editor in 0.00 ms.
Unloading 13 Unused Serialized files (Serialized files now loaded: 0)
Unloading 6984 unused Assets / (4.8 MB). Loaded Objects now: 7734.
Memory consumption went from 152.8 MB to 148.0 MB.
Total: 32.571500 ms (FindLiveObjects: 2.384700 ms CreateObjectMapping: 3.506200 ms MarkObjects: 15.717400 ms  DeleteObjects: 10.959200 ms)

Prepare: number of updated asset objects reloaded= 0
========================================================================
Received Prepare
Begin MonoManager ReloadAssembly
- Loaded All Assemblies, in  2.301 seconds
Refreshing native plugins compatible for Editor in 20.94 ms, found 5 plugins.
Native extension for WindowsStandalone target not found
[Package Manager] Failed to launch server process. Reason: Unity was launched with the -noUpm command-line argument
[Package Manager] Unable to send message (not connected to server process).
[Package Manager] Cannot connect to Unity Package Manager local server
Mono: successfully reloaded assembly
- Finished resetting the current domain, in  2.705 seconds
Domain Reload Profiling: 5014ms
	BeginReloadAssembly (603ms)
		ExecutionOrderSort (0ms)
		DisableScriptedObjects (46ms)
		BackupInstance (0ms)
		ReleaseScriptingObjects (1ms)
		CreateAndSetChildDomain (145ms)
	RebuildCommonClasses (97ms)
	RebuildNativeTypeToScriptingClass (26ms)
	initialDomainReloadingComplete (71ms)
	LoadAllAssembliesAndSetupDomain (1512ms)
		LoadAssemblies (1247ms)
		RebuildTransferFunctionScriptingTraits (0ms)
		AnalyzeDomain (519ms)
			TypeCache.Refresh (19ms)
				TypeCache.ScanAssembly (0ms)
			BuildScriptInfoCaches (461ms)
			ResolveRequiredComponents (27ms)
	FinalizeReload (2706ms)
		ReleaseScriptCaches (0ms)
		RebuildScriptCaches (0ms)
		SetupLoadedEditorAssemblies (2191ms)
			LogAssemblyErrors (0ms)
			InitializePlatformSupportModulesInManaged (8ms)
			SetLoadedEditorAssemblies (18ms)
			BeforeProcessingInitializeOnLoad (650ms)
			ProcessInitializeOnLoadAttributes (1239ms)
			ProcessInitializeOnLoadMethodAttributes (259ms)
			AfterProcessingInitializeOnLoad (16ms)
			EditorAssembliesLoaded (1ms)
		ExecutionOrderSort2 (0ms)
		AwakeInstancesAfterBackupRestoration (56ms)
Refreshing native plugins compatible for Editor in 13.31 ms, found 5 plugins.
Preloading 0 native plugins for Editor in 0.00 ms.
Unloading 13 Unused Serialized files (Serialized files now loaded: 0)
Unloading 6984 unused Assets / (4.5 MB). Loaded Objects now: 7737.
Memory consumption went from 152.9 MB to 148.3 MB.
Total: 23.757000 ms (FindLiveObjects: 2.821600 ms CreateObjectMapping: 1.415700 ms MarkObjects: 12.128000 ms  DeleteObjects: 7.388000 ms)

Prepare: number of updated asset objects reloaded= 0
========================================================================
Received Prepare
Begin MonoManager ReloadAssembly
- Loaded All Assemblies, in  2.224 seconds
Refreshing native plugins compatible for Editor in 12.14 ms, found 5 plugins.
Native extension for WindowsStandalone target not found
[Package Manager] Failed to launch server process. Reason: Unity was launched with the -noUpm command-line argument
[Package Manager] Unable to send message (not connected to server process).
[Package Manager] Cannot connect to Unity Package Manager local server
Mono: successfully reloaded assembly
- Finished resetting the current domain, in  3.609 seconds
Domain Reload Profiling: 5838ms
	BeginReloadAssembly (537ms)
		ExecutionOrderSort (0ms)
		DisableScriptedObjects (42ms)
		BackupInstance (0ms)
		ReleaseScriptingObjects (0ms)
		CreateAndSetChildDomain (138ms)
	RebuildCommonClasses (82ms)
	RebuildNativeTypeToScriptingClass (26ms)
	initialDomainReloadingComplete (85ms)
	LoadAllAssembliesAndSetupDomain (1496ms)
		LoadAssemblies (1145ms)
		RebuildTransferFunctionScriptingTraits (0ms)
		AnalyzeDomain (587ms)
			TypeCache.Refresh (16ms)
				TypeCache.ScanAssembly (0ms)
			BuildScriptInfoCaches (520ms)
			ResolveRequiredComponents (39ms)
	FinalizeReload (3612ms)
		ReleaseScriptCaches (0ms)
		RebuildScriptCaches (0ms)
		SetupLoadedEditorAssemblies (2977ms)
			LogAssemblyErrors (0ms)
			InitializePlatformSupportModulesInManaged (9ms)
			SetLoadedEditorAssemblies (24ms)
			BeforeProcessingInitializeOnLoad (676ms)
			ProcessInitializeOnLoadAttributes (1719ms)
			ProcessInitializeOnLoadMethodAttributes (514ms)
			AfterProcessingInitializeOnLoad (33ms)
			EditorAssembliesLoaded (2ms)
		ExecutionOrderSort2 (0ms)
		AwakeInstancesAfterBackupRestoration (59ms)
Refreshing native plugins compatible for Editor in 14.06 ms, found 5 plugins.
Preloading 0 native plugins for Editor in 0.00 ms.
Unloading 13 Unused Serialized files (Serialized files now loaded: 0)
Unloading 6984 unused Assets / (5.0 MB). Loaded Objects now: 7740.
Memory consumption went from 152.8 MB to 147.9 MB.
Total: 32.088600 ms (FindLiveObjects: 2.383500 ms CreateObjectMapping: 2.082900 ms MarkObjects: 16.177800 ms  DeleteObjects: 11.439200 ms)

Prepare: number of updated asset objects reloaded= 0
========================================================================
Received Import Request.
  Time since last request: 878.157173 seconds.
  path: Assets/Art/Characters
  artifactKey: Guid(f338fc2372706b84c8281a35d6b449de) Importer(815301076,1909f56bfc062723c751e8b465ee728b)
Start importing Assets/Art/Characters using Guid(f338fc2372706b84c8281a35d6b449de) Importer(815301076,1909f56bfc062723c751e8b465ee728b) (PreviewImporter) -> (artifact id: 'a5193b4f05f9d3a072647af9490989e8') in 0.0116988 seconds
Number of updated asset objects reloaded before import = 0Number of asset objects unloaded after import = 0

========================================================================
Received Prepare
Begin MonoManager ReloadAssembly
- Loaded All Assemblies, in  2.190 seconds
Refreshing native plugins compatible for Editor in 11.74 ms, found 5 plugins.
Native extension for WindowsStandalone target not found
[Package Manager] Failed to launch server process. Reason: Unity was launched with the -noUpm command-line argument
[Package Manager] Unable to send message (not connected to server process).
[Package Manager] Cannot connect to Unity Package Manager local server
Mono: successfully reloaded assembly
- Finished resetting the current domain, in  2.830 seconds
Domain Reload Profiling: 5021ms
	BeginReloadAssembly (524ms)
		ExecutionOrderSort (0ms)
		DisableScriptedObjects (39ms)
		BackupInstance (0ms)
		ReleaseScriptingObjects (0ms)
		CreateAndSetChildDomain (109ms)
	RebuildCommonClasses (93ms)
	RebuildNativeTypeToScriptingClass (28ms)
	initialDomainReloadingComplete (91ms)
	LoadAllAssembliesAndSetupDomain (1454ms)
		LoadAssemblies (1178ms)
		RebuildTransferFunctionScriptingTraits (0ms)
		AnalyzeDomain (520ms)
			TypeCache.Refresh (22ms)
				TypeCache.ScanAssembly (0ms)
			BuildScriptInfoCaches (450ms)
			ResolveRequiredComponents (36ms)
	FinalizeReload (2831ms)
		ReleaseScriptCaches (0ms)
		RebuildScriptCaches (0ms)
		SetupLoadedEditorAssemblies (2325ms)
			LogAssemblyErrors (0ms)
			InitializePlatformSupportModulesInManaged (9ms)
			SetLoadedEditorAssemblies (23ms)
			BeforeProcessingInitializeOnLoad (666ms)
			ProcessInitializeOnLoadAttributes (1394ms)
			ProcessInitializeOnLoadMethodAttributes (217ms)
			AfterProcessingInitializeOnLoad (16ms)
			EditorAssembliesLoaded (1ms)
		ExecutionOrderSort2 (0ms)
		AwakeInstancesAfterBackupRestoration (47ms)
Refreshing native plugins compatible for Editor in 9.71 ms, found 5 plugins.
Preloading 0 native plugins for Editor in 0.00 ms.
Unloading 13 Unused Serialized files (Serialized files now loaded: 0)
Unloading 6984 unused Assets / (5.1 MB). Loaded Objects now: 7743.
Memory consumption went from 152.9 MB to 147.8 MB.
Total: 24.669800 ms (FindLiveObjects: 2.099900 ms CreateObjectMapping: 1.290200 ms MarkObjects: 12.539700 ms  DeleteObjects: 8.736700 ms)

Prepare: number of updated asset objects reloaded= 0
========================================================================
Received Prepare
Begin MonoManager ReloadAssembly
- Loaded All Assemblies, in  2.188 seconds
Refreshing native plugins compatible for Editor in 22.76 ms, found 5 plugins.
Native extension for WindowsStandalone target not found
[Package Manager] Failed to launch server process. Reason: Unity was launched with the -noUpm command-line argument
[Package Manager] Unable to send message (not connected to server process).
[Package Manager] Cannot connect to Unity Package Manager local server
Mono: successfully reloaded assembly
- Finished resetting the current domain, in  2.467 seconds
Domain Reload Profiling: 4658ms
	BeginReloadAssembly (551ms)
		ExecutionOrderSort (0ms)
		DisableScriptedObjects (36ms)
		BackupInstance (0ms)
		ReleaseScriptingObjects (1ms)
		CreateAndSetChildDomain (147ms)
	RebuildCommonClasses (73ms)
	RebuildNativeTypeToScriptingClass (35ms)
	initialDomainReloadingComplete (79ms)
	LoadAllAssembliesAndSetupDomain (1452ms)
		LoadAssemblies (1152ms)
		RebuildTransferFunctionScriptingTraits (0ms)
		AnalyzeDomain (552ms)
			TypeCache.Refresh (17ms)
				TypeCache.ScanAssembly (0ms)
			BuildScriptInfoCaches (488ms)
			ResolveRequiredComponents (34ms)
	FinalizeReload (2468ms)
		ReleaseScriptCaches (0ms)
		RebuildScriptCaches (0ms)
		SetupLoadedEditorAssemblies (2025ms)
			LogAssemblyErrors (0ms)
			InitializePlatformSupportModulesInManaged (5ms)
			SetLoadedEditorAssemblies (18ms)
			BeforeProcessingInitializeOnLoad (604ms)
			ProcessInitializeOnLoadAttributes (1204ms)
			ProcessInitializeOnLoadMethodAttributes (172ms)
			AfterProcessingInitializeOnLoad (20ms)
			EditorAssembliesLoaded (1ms)
		ExecutionOrderSort2 (0ms)
		AwakeInstancesAfterBackupRestoration (32ms)
Refreshing native plugins compatible for Editor in 16.66 ms, found 5 plugins.
Preloading 0 native plugins for Editor in 0.00 ms.
Unloading 13 Unused Serialized files (Serialized files now loaded: 0)
Unloading 6984 unused Assets / (4.2 MB). Loaded Objects now: 7746.
Memory consumption went from 153.0 MB to 148.7 MB.
Total: 21.362000 ms (FindLiveObjects: 1.737100 ms CreateObjectMapping: 1.429400 ms MarkObjects: 12.980000 ms  DeleteObjects: 5.211800 ms)

Prepare: number of updated asset objects reloaded= 0
========================================================================
Received Prepare
Begin MonoManager ReloadAssembly
- Loaded All Assemblies, in 10.731 seconds
Refreshing native plugins compatible for Editor in 7.22 ms, found 5 plugins.
Native extension for WindowsStandalone target not found
[Package Manager] Failed to launch server process. Reason: Unity was launched with the -noUpm command-line argument
[Package Manager] Unable to send message (not connected to server process).
[Package Manager] Cannot connect to Unity Package Manager local server
Mono: successfully reloaded assembly
- Finished resetting the current domain, in  3.137 seconds
Domain Reload Profiling: 13871ms
	BeginReloadAssembly (519ms)
		ExecutionOrderSort (0ms)
		DisableScriptedObjects (53ms)
		BackupInstance (0ms)
		ReleaseScriptingObjects (0ms)
		CreateAndSetChildDomain (126ms)
	RebuildCommonClasses (82ms)
	RebuildNativeTypeToScriptingClass (28ms)
	initialDomainReloadingComplete (77ms)
	LoadAllAssembliesAndSetupDomain (10025ms)
		LoadAssemblies (9470ms)
		RebuildTransferFunctionScriptingTraits (0ms)
		AnalyzeDomain (762ms)
			TypeCache.Refresh (27ms)
				TypeCache.ScanAssembly (0ms)
			BuildScriptInfoCaches (684ms)
			ResolveRequiredComponents (38ms)
	FinalizeReload (3139ms)
		ReleaseScriptCaches (0ms)
		RebuildScriptCaches (0ms)
		SetupLoadedEditorAssemblies (2569ms)
			LogAssemblyErrors (0ms)
			InitializePlatformSupportModulesInManaged (10ms)
			SetLoadedEditorAssemblies (28ms)
			BeforeProcessingInitializeOnLoad (691ms)
			ProcessInitializeOnLoadAttributes (1591ms)
			ProcessInitializeOnLoadMethodAttributes (225ms)
			AfterProcessingInitializeOnLoad (23ms)
			EditorAssembliesLoaded (1ms)
		ExecutionOrderSort2 (0ms)
		AwakeInstancesAfterBackupRestoration (44ms)
Refreshing native plugins compatible for Editor in 16.41 ms, found 5 plugins.
Preloading 0 native plugins for Editor in 0.00 ms.
Unloading 13 Unused Serialized files (Serialized files now loaded: 0)
Unloading 6984 unused Assets / (5.5 MB). Loaded Objects now: 7749.
Memory consumption went from 153.0 MB to 147.5 MB.
Total: 21.575800 ms (FindLiveObjects: 1.771500 ms CreateObjectMapping: 1.959400 ms MarkObjects: 11.120200 ms  DeleteObjects: 6.722000 ms)

Prepare: number of updated asset objects reloaded= 0
========================================================================
Received Import Request.
  Time since last request: 465.664154 seconds.
  path: Assets/Scripts/Main Casino Floor
  artifactKey: Guid(b73fd9b2198514e4a822c69c7aea623d) Importer(815301076,1909f56bfc062723c751e8b465ee728b)
Start importing Assets/Scripts/Main Casino Floor using Guid(b73fd9b2198514e4a822c69c7aea623d) Importer(815301076,1909f56bfc062723c751e8b465ee728b) (PreviewImporter) -> (artifact id: 'fda7be987934ab3a1a6b735d2988381e') in 0.0182897 seconds
Number of updated asset objects reloaded before import = 0Number of asset objects unloaded after import = 0

========================================================================
Received Prepare
Refreshing native plugins compatible for Editor in 18.71 ms, found 5 plugins.
Preloading 0 native plugins for Editor in 0.00 ms.
Unloading 13 Unused Serialized files (Serialized files now loaded: 0)
Unloading 6969 unused Assets / (4.4 MB). Loaded Objects now: 7750.
Memory consumption went from 153.1 MB to 148.7 MB.
Total: 30.419600 ms (FindLiveObjects: 2.520800 ms CreateObjectMapping: 2.866600 ms MarkObjects: 15.123000 ms  DeleteObjects: 9.906700 ms)

Prepare: number of updated asset objects reloaded= 0
========================================================================
Received Prepare
Refreshing native plugins compatible for Editor in 21.76 ms, found 5 plugins.
Preloading 0 native plugins for Editor in 0.00 ms.
Unloading 13 Unused Serialized files (Serialized files now loaded: 0)
Unloading 6969 unused Assets / (7.3 MB). Loaded Objects now: 7750.
Memory consumption went from 153.1 MB to 145.8 MB.
Total: 51.260500 ms (FindLiveObjects: 3.055100 ms CreateObjectMapping: 3.056400 ms MarkObjects: 26.948000 ms  DeleteObjects: 18.197000 ms)

Prepare: number of updated asset objects reloaded= 0
========================================================================
Received Prepare
Begin MonoManager ReloadAssembly
- Loaded All Assemblies, in  3.118 seconds
Refreshing native plugins compatible for Editor in 4.45 ms, found 5 plugins.
Native extension for WindowsStandalone target not found
[Package Manager] Failed to launch server process. Reason: Unity was launched with the -noUpm command-line argument
[Package Manager] Unable to send message (not connected to server process).
[Package Manager] Cannot connect to Unity Package Manager local server
Mono: successfully reloaded assembly
- Finished resetting the current domain, in  2.496 seconds
Domain Reload Profiling: 5615ms
	BeginReloadAssembly (892ms)
		ExecutionOrderSort (0ms)
		DisableScriptedObjects (109ms)
		BackupInstance (0ms)
		ReleaseScriptingObjects (1ms)
		CreateAndSetChildDomain (277ms)
	RebuildCommonClasses (108ms)
	RebuildNativeTypeToScriptingClass (36ms)
	initialDomainReloadingComplete (73ms)
	LoadAllAssembliesAndSetupDomain (2007ms)
		LoadAssemblies (1641ms)
		RebuildTransferFunctionScriptingTraits (0ms)
		AnalyzeDomain (705ms)
			TypeCache.Refresh (40ms)
				TypeCache.ScanAssembly (1ms)
			BuildScriptInfoCaches (615ms)
			ResolveRequiredComponents (35ms)
	FinalizeReload (2498ms)
		ReleaseScriptCaches (0ms)
		RebuildScriptCaches (0ms)
		SetupLoadedEditorAssemblies (2018ms)
			LogAssemblyErrors (0ms)
			InitializePlatformSupportModulesInManaged (8ms)
			SetLoadedEditorAssemblies (25ms)
			BeforeProcessingInitializeOnLoad (581ms)
			ProcessInitializeOnLoadAttributes (1189ms)
			ProcessInitializeOnLoadMethodAttributes (200ms)
			AfterProcessingInitializeOnLoad (15ms)
			EditorAssembliesLoaded (1ms)
		ExecutionOrderSort2 (0ms)
		AwakeInstancesAfterBackupRestoration (47ms)
Refreshing native plugins compatible for Editor in 10.47 ms, found 5 plugins.
Preloading 0 native plugins for Editor in 0.00 ms.
Unloading 13 Unused Serialized files (Serialized files now loaded: 0)
Unloading 6985 unused Assets / (4.9 MB). Loaded Objects now: 7753.
Memory consumption went from 153.1 MB to 148.2 MB.
Total: 25.730400 ms (FindLiveObjects: 1.998600 ms CreateObjectMapping: 1.782300 ms MarkObjects: 13.658200 ms  DeleteObjects: 8.286900 ms)

Prepare: number of updated asset objects reloaded= 0
========================================================================
Received Prepare
Begin MonoManager ReloadAssembly
- Loaded All Assemblies, in 14.204 seconds
Refreshing native plugins compatible for Editor in 9.93 ms, found 5 plugins.
Native extension for WindowsStandalone target not found
[Package Manager] Failed to launch server process. Reason: Unity was launched with the -noUpm command-line argument
[Package Manager] Unable to send message (not connected to server process).
[Package Manager] Cannot connect to Unity Package Manager local server
Mono: successfully reloaded assembly
- Finished resetting the current domain, in  2.115 seconds
Domain Reload Profiling: 16320ms
	BeginReloadAssembly (2563ms)
		ExecutionOrderSort (0ms)
		DisableScriptedObjects (125ms)
		BackupInstance (0ms)
		ReleaseScriptingObjects (1ms)
		CreateAndSetChildDomain (397ms)
	RebuildCommonClasses (721ms)
	RebuildNativeTypeToScriptingClass (31ms)
	initialDomainReloadingComplete (104ms)
	LoadAllAssembliesAndSetupDomain (10785ms)
		LoadAssemblies (11698ms)
		RebuildTransferFunctionScriptingTraits (0ms)
		AnalyzeDomain (900ms)
			TypeCache.Refresh (27ms)
				TypeCache.ScanAssembly (0ms)
			BuildScriptInfoCaches (834ms)
			ResolveRequiredComponents (25ms)
	FinalizeReload (2116ms)
		ReleaseScriptCaches (0ms)
		RebuildScriptCaches (0ms)
		SetupLoadedEditorAssemblies (1744ms)
			LogAssemblyErrors (0ms)
			InitializePlatformSupportModulesInManaged (6ms)
			SetLoadedEditorAssemblies (13ms)
			BeforeProcessingInitializeOnLoad (508ms)
			ProcessInitializeOnLoadAttributes (1071ms)
			ProcessInitializeOnLoadMethodAttributes (136ms)
			AfterProcessingInitializeOnLoad (7ms)
			EditorAssembliesLoaded (2ms)
		ExecutionOrderSort2 (0ms)
		AwakeInstancesAfterBackupRestoration (28ms)
Refreshing native plugins compatible for Editor in 14.68 ms, found 5 plugins.
Preloading 0 native plugins for Editor in 0.00 ms.
Unloading 13 Unused Serialized files (Serialized files now loaded: 0)
Unloading 6985 unused Assets / (4.7 MB). Loaded Objects now: 7756.
Memory consumption went from 153.0 MB to 148.4 MB.
Total: 26.217100 ms (FindLiveObjects: 2.227900 ms CreateObjectMapping: 2.288500 ms MarkObjects: 14.521300 ms  DeleteObjects: 7.174800 ms)

Prepare: number of updated asset objects reloaded= 0
========================================================================
Received Prepare
Begin MonoManager ReloadAssembly
- Loaded All Assemblies, in  2.014 seconds
Refreshing native plugins compatible for Editor in 9.05 ms, found 5 plugins.
Native extension for WindowsStandalone target not found
[Package Manager] Failed to launch server process. Reason: Unity was launched with the -noUpm command-line argument
[Package Manager] Unable to send message (not connected to server process).
[Package Manager] Cannot connect to Unity Package Manager local server
Mono: successfully reloaded assembly
- Finished resetting the current domain, in  2.255 seconds
Domain Reload Profiling: 4267ms
	BeginReloadAssembly (491ms)
		ExecutionOrderSort (0ms)
		DisableScriptedObjects (49ms)
		BackupInstance (0ms)
		ReleaseScriptingObjects (0ms)
		CreateAndSetChildDomain (121ms)
	RebuildCommonClasses (60ms)
	RebuildNativeTypeToScriptingClass (26ms)
	initialDomainReloadingComplete (73ms)
	LoadAllAssembliesAndSetupDomain (1361ms)
		LoadAssemblies (1011ms)
		RebuildTransferFunctionScriptingTraits (0ms)
		AnalyzeDomain (548ms)
			TypeCache.Refresh (21ms)
				TypeCache.ScanAssembly (0ms)
			BuildScriptInfoCaches (469ms)
			ResolveRequiredComponents (44ms)
	FinalizeReload (2256ms)
		ReleaseScriptCaches (0ms)
		RebuildScriptCaches (0ms)
		SetupLoadedEditorAssemblies (1813ms)
			LogAssemblyErrors (0ms)
			InitializePlatformSupportModulesInManaged (7ms)
			SetLoadedEditorAssemblies (22ms)
			BeforeProcessingInitializeOnLoad (513ms)
			ProcessInitializeOnLoadAttributes (1100ms)
			ProcessInitializeOnLoadMethodAttributes (161ms)
			AfterProcessingInitializeOnLoad (10ms)
			EditorAssembliesLoaded (1ms)
		ExecutionOrderSort2 (0ms)
		AwakeInstancesAfterBackupRestoration (39ms)
Refreshing native plugins compatible for Editor in 5.21 ms, found 5 plugins.
Preloading 0 native plugins for Editor in 0.00 ms.
Unloading 13 Unused Serialized files (Serialized files now loaded: 0)
Unloading 6985 unused Assets / (7.6 MB). Loaded Objects now: 7759.
Memory consumption went from 153.1 MB to 145.5 MB.
Total: 33.535200 ms (FindLiveObjects: 1.077400 ms CreateObjectMapping: 1.686900 ms MarkObjects: 10.324800 ms  DeleteObjects: 20.442900 ms)

Prepare: number of updated asset objects reloaded= 0
========================================================================
Received Prepare
Refreshing native plugins compatible for Editor in 17.39 ms, found 5 plugins.
Preloading 0 native plugins for Editor in 0.00 ms.
Unloading 13 Unused Serialized files (Serialized files now loaded: 0)
Unloading 6969 unused Assets / (6.0 MB). Loaded Objects now: 7759.
Memory consumption went from 153.3 MB to 147.3 MB.
Total: 54.002000 ms (FindLiveObjects: 2.267500 ms CreateObjectMapping: 2.736500 ms MarkObjects: 37.388800 ms  DeleteObjects: 11.603100 ms)

Prepare: number of updated asset objects reloaded= 0
========================================================================
Received Prepare
Begin MonoManager ReloadAssembly
- Loaded All Assemblies, in  5.721 seconds
Refreshing native plugins compatible for Editor in 20.31 ms, found 5 plugins.
Native extension for WindowsStandalone target not found
[Package Manager] Failed to launch server process. Reason: Unity was launched with the -noUpm command-line argument
[Package Manager] Unable to send message (not connected to server process).
[Package Manager] Cannot connect to Unity Package Manager local server
Mono: successfully reloaded assembly
- Finished resetting the current domain, in  3.496 seconds
Domain Reload Profiling: 9209ms
	BeginReloadAssembly (1339ms)
		ExecutionOrderSort (0ms)
		DisableScriptedObjects (104ms)
		BackupInstance (0ms)
		ReleaseScriptingObjects (1ms)
		CreateAndSetChildDomain (387ms)
	RebuildCommonClasses (219ms)
	RebuildNativeTypeToScriptingClass (77ms)
	initialDomainReloadingComplete (193ms)
	LoadAllAssembliesAndSetupDomain (3885ms)
		LoadAssemblies (2915ms)
		RebuildTransferFunctionScriptingTraits (0ms)
		AnalyzeDomain (1508ms)
			TypeCache.Refresh (52ms)
				TypeCache.ScanAssembly (1ms)
			BuildScriptInfoCaches (1339ms)
			ResolveRequiredComponents (92ms)
	FinalizeReload (3498ms)
		ReleaseScriptCaches (0ms)
		RebuildScriptCaches (0ms)
		SetupLoadedEditorAssemblies (2556ms)
			LogAssemblyErrors (0ms)
			InitializePlatformSupportModulesInManaged (15ms)
			SetLoadedEditorAssemblies (51ms)
			BeforeProcessingInitializeOnLoad (1253ms)
			ProcessInitializeOnLoadAttributes (1013ms)
			ProcessInitializeOnLoadMethodAttributes (206ms)
			AfterProcessingInitializeOnLoad (16ms)
			EditorAssembliesLoaded (1ms)
		ExecutionOrderSort2 (0ms)
		AwakeInstancesAfterBackupRestoration (39ms)
Refreshing native plugins compatible for Editor in 6.87 ms, found 5 plugins.
Preloading 0 native plugins for Editor in 0.00 ms.
Unloading 13 Unused Serialized files (Serialized files now loaded: 0)
Unloading 6985 unused Assets / (4.7 MB). Loaded Objects now: 7762.
Memory consumption went from 153.2 MB to 148.5 MB.
Total: 17.684000 ms (FindLiveObjects: 2.220100 ms CreateObjectMapping: 1.639400 ms MarkObjects: 8.293300 ms  DeleteObjects: 5.527100 ms)

Prepare: number of updated asset objects reloaded= 0
========================================================================
Received Import Request.
  Time since last request: 4598.543829 seconds.
  path: Assets/Scripts/Scriptable objects/EndingData.cs
  artifactKey: Guid(bc5c235f1d686b2489c42e8cee584f97) Importer(815301076,1909f56bfc062723c751e8b465ee728b)
Start importing Assets/Scripts/Scriptable objects/EndingData.cs using Guid(bc5c235f1d686b2489c42e8cee584f97) Importer(815301076,1909f56bfc062723c751e8b465ee728b) (PreviewImporter) -> (artifact id: '9fc3ecf418d331d9510c5e3a27d876a4') in 0.065457 seconds
Number of updated asset objects reloaded before import = 0Number of asset objects unloaded after import = 0

========================================================================
Received Import Request.
  Time since last request: 7.766488 seconds.
  path: Assets/Scripts/Scriptable objects/ItemData.cs
  artifactKey: Guid(3b2587a4ea2a7754f9c4a6a7f7bea7ad) Importer(815301076,1909f56bfc062723c751e8b465ee728b)
Start importing Assets/Scripts/Scriptable objects/ItemData.cs using Guid(3b2587a4ea2a7754f9c4a6a7f7bea7ad) Importer(815301076,1909f56bfc062723c751e8b465ee728b) (PreviewImporter) -> (artifact id: '16dca0606ffcb4cf380226364dbd77f5') in 0.0039439 seconds
Number of updated asset objects reloaded before import = 0Number of asset objects unloaded after import = 0

========================================================================
Received Import Request.
  Time since last request: 11.921802 seconds.
  path: Assets/Scripts/Scriptable objects/NPCData.cs
  artifactKey: Guid(e8a08e1012d11724abb669ecd6e0a1f9) Importer(815301076,1909f56bfc062723c751e8b465ee728b)
Start importing Assets/Scripts/Scriptable objects/NPCData.cs using Guid(e8a08e1012d11724abb669ecd6e0a1f9) Importer(815301076,1909f56bfc062723c751e8b465ee728b) (PreviewImporter) -> (artifact id: '57f00db59095f22bd12bf6f6f1338a9f') in 0.0032265 seconds
Number of updated asset objects reloaded before import = 0Number of asset objects unloaded after import = 0

========================================================================
Received Import Request.
  Time since last request: 20.772382 seconds.
  path: Assets/Scripts/Scriptable objects/QuestData.cs
  artifactKey: Guid(743e09f7570e0d14ba81368d78502699) Importer(815301076,1909f56bfc062723c751e8b465ee728b)
Start importing Assets/Scripts/Scriptable objects/QuestData.cs using Guid(743e09f7570e0d14ba81368d78502699) Importer(815301076,1909f56bfc062723c751e8b465ee728b) (PreviewImporter) -> (artifact id: '868c0a8129b8517f44ef0d9bed131dd0') in 0.0044854 seconds
Number of updated asset objects reloaded before import = 0Number of asset objects unloaded after import = 0

========================================================================
Received Import Request.
  Time since last request: 7.275728 seconds.
  path: Assets/Scripts/Scriptable objects/RoomData.cs
  artifactKey: Guid(69a811fb026de05418bd7fd81c1cf5b8) Importer(815301076,1909f56bfc062723c751e8b465ee728b)
Start importing Assets/Scripts/Scriptable objects/RoomData.cs using Guid(69a811fb026de05418bd7fd81c1cf5b8) Importer(815301076,1909f56bfc062723c751e8b465ee728b) (PreviewImporter) -> (artifact id: '943c0decbf58493370e034ff134c86b6') in 0.0036356 seconds
Number of updated asset objects reloaded before import = 0Number of asset objects unloaded after import = 0

========================================================================
Received Import Request.
  Time since last request: 124.628405 seconds.
  path: Assets/ScriptableObjects/Dialogue/Dialogue_Dealer.asset
  artifactKey: Guid(394c668b5eba9d6449ab209c5974b8d2) Importer(815301076,1909f56bfc062723c751e8b465ee728b)
Start importing Assets/ScriptableObjects/Dialogue/Dialogue_Dealer.asset using Guid(394c668b5eba9d6449ab209c5974b8d2) Importer(815301076,1909f56bfc062723c751e8b465ee728b) (PreviewImporter) -> (artifact id: '13e32f99eadb943badb158f416c509c9') in 0.0650452 seconds
Number of updated asset objects reloaded before import = 0Number of asset objects unloaded after import = 1

========================================================================
Received Import Request.
  Time since last request: 164.933116 seconds.
  path: Assets/ScriptableObjects/Dialogue/Dialogue_Gatekeeper.asset
  artifactKey: Guid(29aae0c898f527e4483fade4fcbee097) Importer(815301076,1909f56bfc062723c751e8b465ee728b)
Start importing Assets/ScriptableObjects/Dialogue/Dialogue_Gatekeeper.asset using Guid(29aae0c898f527e4483fade4fcbee097) Importer(815301076,1909f56bfc062723c751e8b465ee728b) (PreviewImporter) -> (artifact id: 'ce11afd470bab81f3f2008b466ea8178') in 0.0063385 seconds
Number of updated asset objects reloaded before import = 0Number of asset objects unloaded after import = 1

========================================================================
Received Import Request.
  Time since last request: 14.565149 seconds.
  path: Assets/ScriptableObjects/Dialogue/Dialogue_HighRollerDealer.asset
  artifactKey: Guid(0e9407593e3071d49836f7e2086ae678) Importer(815301076,1909f56bfc062723c751e8b465ee728b)
Start importing Assets/ScriptableObjects/Dialogue/Dialogue_HighRollerDealer.asset using Guid(0e9407593e3071d49836f7e2086ae678) Importer(815301076,1909f56bfc062723c751e8b465ee728b) (PreviewImporter) -> (artifact id: '15b85258949b0917f738734013134db6') in 0.0041879 seconds
Number of updated asset objects reloaded before import = 0Number of asset objects unloaded after import = 1

========================================================================
Received Import Request.
  Time since last request: 11.867367 seconds.
  path: Assets/ScriptableObjects/Dialogue/Dialogue_Host.asset
  artifactKey: Guid(c6a339fe13f3afc41bb31631f0102216) Importer(815301076,1909f56bfc062723c751e8b465ee728b)
Start importing Assets/ScriptableObjects/Dialogue/Dialogue_Host.asset using Guid(c6a339fe13f3afc41bb31631f0102216) Importer(815301076,1909f56bfc062723c751e8b465ee728b) (PreviewImporter) -> (artifact id: '5dc3cde0cfaa39f42018e801259b3df4') in 0.005309 seconds
Number of updated asset objects reloaded before import = 0Number of asset objects unloaded after import = 1

========================================================================
Received Import Request.
  Time since last request: 12.949602 seconds.
  path: Assets/ScriptableObjects/Dialogue/Dialogue_ShadyGambler.asset
  artifactKey: Guid(ff5ad86b4e669ef4cb49be200853b657) Importer(815301076,1909f56bfc062723c751e8b465ee728b)
Start importing Assets/ScriptableObjects/Dialogue/Dialogue_ShadyGambler.asset using Guid(ff5ad86b4e669ef4cb49be200853b657) Importer(815301076,1909f56bfc062723c751e8b465ee728b) (PreviewImporter) -> (artifact id: 'edc8446e0d330b97e9d614f1a6c49704') in 0.0051864 seconds
Number of updated asset objects reloaded before import = 0Number of asset objects unloaded after import = 1

========================================================================
Received Import Request.
  Time since last request: 11.267893 seconds.
  path: Assets/ScriptableObjects/Endings/Ending_BigWinner.asset
  artifactKey: Guid(4d9c6c1f221024d4ab88ce0705f73285) Importer(815301076,1909f56bfc062723c751e8b465ee728b)
Start importing Assets/ScriptableObjects/Endings/Ending_BigWinner.asset using Guid(4d9c6c1f221024d4ab88ce0705f73285) Importer(815301076,1909f56bfc062723c751e8b465ee728b) (PreviewImporter) -> (artifact id: '2e4950804a33e4228807b19c755ca6c4') in 0.0069457 seconds
Number of updated asset objects reloaded before import = 0Number of asset objects unloaded after import = 1

========================================================================
Received Import Request.
  Time since last request: 15.673219 seconds.
  path: Assets/ScriptableObjects/Endings/Ending_EscapeSystem.asset
  artifactKey: Guid(cc20d8482c7fdfe4ea02db1319e8b7d3) Importer(815301076,1909f56bfc062723c751e8b465ee728b)
Start importing Assets/ScriptableObjects/Endings/Ending_EscapeSystem.asset using Guid(cc20d8482c7fdfe4ea02db1319e8b7d3) Importer(815301076,1909f56bfc062723c751e8b465ee728b) (PreviewImporter) -> (artifact id: '6fae4d628300c30261900dc11db9d968') in 0.0101422 seconds
Number of updated asset objects reloaded before import = 0Number of asset objects unloaded after import = 1

========================================================================
Received Import Request.
  Time since last request: 13.290566 seconds.
  path: Assets/ScriptableObjects/Endings/Ending_LostEverything.asset
  artifactKey: Guid(b153febeb9c2b2244ac9d8f538266b89) Importer(815301076,1909f56bfc062723c751e8b465ee728b)
Start importing Assets/ScriptableObjects/Endings/Ending_LostEverything.asset using Guid(b153febeb9c2b2244ac9d8f538266b89) Importer(815301076,1909f56bfc062723c751e8b465ee728b) (PreviewImporter) -> (artifact id: '82e4a17a5801a6353e2ab0230dcf935c') in 0.0151494 seconds
Number of updated asset objects reloaded before import = 0Number of asset objects unloaded after import = 1

========================================================================
Received Import Request.
  Time since last request: 17.114475 seconds.
  path: Assets/ScriptableObjects/Items/Item_CasinoChips.asset
  artifactKey: Guid(eba7840b8135b404db674cda35056495) Importer(815301076,1909f56bfc062723c751e8b465ee728b)
Start importing Assets/ScriptableObjects/Items/Item_CasinoChips.asset using Guid(eba7840b8135b404db674cda35056495) Importer(815301076,1909f56bfc062723c751e8b465ee728b) (PreviewImporter) -> (artifact id: 'd99de651fa27fb7b29514af5e54b1ea1') in 0.0163101 seconds
Number of updated asset objects reloaded before import = 0Number of asset objects unloaded after import = 1

========================================================================
Received Import Request.
  Time since last request: 19.630041 seconds.
  path: Assets/ScriptableObjects/Items/Item_GoldenCard.asset
  artifactKey: Guid(933b317661a4bbb4eaa5c12b30ab9d24) Importer(815301076,1909f56bfc062723c751e8b465ee728b)
Start importing Assets/ScriptableObjects/Items/Item_GoldenCard.asset using Guid(933b317661a4bbb4eaa5c12b30ab9d24) Importer(815301076,1909f56bfc062723c751e8b465ee728b) (PreviewImporter) -> (artifact id: '9eae1d62bac74d74e0675310324f9808') in 0.0051386 seconds
Number of updated asset objects reloaded before import = 0Number of asset objects unloaded after import = 1

========================================================================
Received Import Request.
  Time since last request: 20.903895 seconds.
  path: Assets/ScriptableObjects/Items/Item_HouseLedger.asset
  artifactKey: Guid(9beb13392ca84ba4bb563d23a6e5bbaf) Importer(815301076,1909f56bfc062723c751e8b465ee728b)
Start importing Assets/ScriptableObjects/Items/Item_HouseLedger.asset using Guid(9beb13392ca84ba4bb563d23a6e5bbaf) Importer(815301076,1909f56bfc062723c751e8b465ee728b) (PreviewImporter) -> (artifact id: '99953007bb5eb35fe02dbddfc69e8163') in 0.0082434 seconds
Number of updated asset objects reloaded before import = 0Number of asset objects unloaded after import = 1

========================================================================
Received Import Request.
  Time since last request: 16.300856 seconds.
  path: Assets/ScriptableObjects/Items/Item_VIPToken.asset
  artifactKey: Guid(2e5dd11a8d2ae444aa5e9bac843562b4) Importer(815301076,1909f56bfc062723c751e8b465ee728b)
Start importing Assets/ScriptableObjects/Items/Item_VIPToken.asset using Guid(2e5dd11a8d2ae444aa5e9bac843562b4) Importer(815301076,1909f56bfc062723c751e8b465ee728b) (PreviewImporter) -> (artifact id: '5481f9cf5b50f6c644c99b09c8c24ba0') in 0.0053913 seconds
Number of updated asset objects reloaded before import = 0Number of asset objects unloaded after import = 1

========================================================================
Received Import Request.
  Time since last request: 18.832177 seconds.
  path: Assets/ScriptableObjects/NPCs/NPC_Dealer.asset
  artifactKey: Guid(dce50a8ec398b014ba12dc696fb28573) Importer(815301076,1909f56bfc062723c751e8b465ee728b)
Start importing Assets/ScriptableObjects/NPCs/NPC_Dealer.asset using Guid(dce50a8ec398b014ba12dc696fb28573) Importer(815301076,1909f56bfc062723c751e8b465ee728b) (PreviewImporter) -> (artifact id: '77a51e3601b1a836c4d2333977c09248') in 0.0068764 seconds
Number of updated asset objects reloaded before import = 0Number of asset objects unloaded after import = 3

========================================================================
Received Import Request.
  Time since last request: 34.898865 seconds.
  path: Assets/ScriptableObjects/NPCs/NPC_Gatekeeper.asset
  artifactKey: Guid(e077935adad517748b57d2a13888f1ae) Importer(815301076,1909f56bfc062723c751e8b465ee728b)
Start importing Assets/ScriptableObjects/NPCs/NPC_Gatekeeper.asset using Guid(e077935adad517748b57d2a13888f1ae) Importer(815301076,1909f56bfc062723c751e8b465ee728b) (PreviewImporter) -> (artifact id: 'a81c69485136a0b6b398b8a1f97d215e') in 0.020542 seconds
Number of updated asset objects reloaded before import = 0Number of asset objects unloaded after import = 3

========================================================================
Received Import Request.
  Time since last request: 36.809261 seconds.
  path: Assets/ScriptableObjects/NPCs/NPC_HighRollerDealer.asset
  artifactKey: Guid(c72223a7efeaf3749a0a2388dbdfa935) Importer(815301076,1909f56bfc062723c751e8b465ee728b)
Start importing Assets/ScriptableObjects/NPCs/NPC_HighRollerDealer.asset using Guid(c72223a7efeaf3749a0a2388dbdfa935) Importer(815301076,1909f56bfc062723c751e8b465ee728b) (PreviewImporter) -> (artifact id: 'd703f35787a5d06e3940754b0250fcbf') in 0.0046656 seconds
Number of updated asset objects reloaded before import = 0Number of asset objects unloaded after import = 2

========================================================================
Received Import Request.
  Time since last request: 30.342668 seconds.
  path: Assets/ScriptableObjects/NPCs/NPC_Host.asset
  artifactKey: Guid(9dcf959027a30d5409047ecc8313ffd3) Importer(815301076,1909f56bfc062723c751e8b465ee728b)
Start importing Assets/ScriptableObjects/NPCs/NPC_Host.asset using Guid(9dcf959027a30d5409047ecc8313ffd3) Importer(815301076,1909f56bfc062723c751e8b465ee728b) (PreviewImporter) -> (artifact id: 'c061b90701e2a6464fc105413aabb4b4') in 0.0155684 seconds
Number of updated asset objects reloaded before import = 0Number of asset objects unloaded after import = 2

========================================================================
Received Import Request.
  Time since last request: 24.458149 seconds.
  path: Assets/ScriptableObjects/NPCs/NPC_ShadyGambler.asset
  artifactKey: Guid(a58f0774d6bfe304a850f29b142950c3) Importer(815301076,1909f56bfc062723c751e8b465ee728b)
Start importing Assets/ScriptableObjects/NPCs/NPC_ShadyGambler.asset using Guid(a58f0774d6bfe304a850f29b142950c3) Importer(815301076,1909f56bfc062723c751e8b465ee728b) (PreviewImporter) -> (artifact id: '93a048bbb0ea9cfcf3fa2d85e0d86552') in 0.0132702 seconds
Number of updated asset objects reloaded before import = 0Number of asset objects unloaded after import = 3

========================================================================
Received Import Request.
  Time since last request: 37.730383 seconds.
  path: Assets/ScriptableObjects/Quests/Quest_EarnYourWayIn.asset
  artifactKey: Guid(021c3c9ec903fe2438664ced94e1ad83) Importer(815301076,1909f56bfc062723c751e8b465ee728b)
Start importing Assets/ScriptableObjects/Quests/Quest_EarnYourWayIn.asset using Guid(021c3c9ec903fe2438664ced94e1ad83) Importer(815301076,1909f56bfc062723c751e8b465ee728b) (PreviewImporter) -> (artifact id: '028da53f85af5ababca5a4d9d60ef6f6') in 0.0056733 seconds
Number of updated asset objects reloaded before import = 0Number of asset objects unloaded after import = 1

========================================================================
Received Import Request.
  Time since last request: 7.298305 seconds.
  path: Assets/ScriptableObjects/Rooms/Room_BackOffice.asset
  artifactKey: Guid(045ee1366a7218145a6e0511583191dc) Importer(815301076,1909f56bfc062723c751e8b465ee728b)
Start importing Assets/ScriptableObjects/Rooms/Room_BackOffice.asset using Guid(045ee1366a7218145a6e0511583191dc) Importer(815301076,1909f56bfc062723c751e8b465ee728b) (PreviewImporter) -> (artifact id: '61141dbc530255c76e8ad41af00b9477') in 0.0060966 seconds
Number of updated asset objects reloaded before import = 0Number of asset objects unloaded after import = 5

========================================================================
Received Import Request.
  Time since last request: 8.535291 seconds.
  path: Assets/ScriptableObjects/Rooms/Room_EntranceLobby.asset
  artifactKey: Guid(208c8389bee519e4b93658308b594276) Importer(815301076,1909f56bfc062723c751e8b465ee728b)
Start importing Assets/ScriptableObjects/Rooms/Room_EntranceLobby.asset using Guid(208c8389bee519e4b93658308b594276) Importer(815301076,1909f56bfc062723c751e8b465ee728b) (PreviewImporter) -> (artifact id: 'cf872f0c8aec3db366ff9282915e7a97') in 0.0073903 seconds
Number of updated asset objects reloaded before import = 0Number of asset objects unloaded after import = 3

========================================================================
Received Import Request.
  Time since last request: 1.739874 seconds.
  path: Assets/ScriptableObjects/Rooms/Room_HighRollerTable.asset
  artifactKey: Guid(e93fcd153915c9649a6d0834d0681266) Importer(815301076,1909f56bfc062723c751e8b465ee728b)
Start importing Assets/ScriptableObjects/Rooms/Room_HighRollerTable.asset using Guid(e93fcd153915c9649a6d0834d0681266) Importer(815301076,1909f56bfc062723c751e8b465ee728b) (PreviewImporter) -> (artifact id: 'e55b742b82006cd04dc69fcdd078a742') in 0.0040778 seconds
Number of updated asset objects reloaded before import = 0Number of asset objects unloaded after import = 3

========================================================================
Received Import Request.
  Time since last request: 0.586097 seconds.
  path: Assets/ScriptableObjects/Rooms/Room_MainCasinoFloor.asset
  artifactKey: Guid(6fb0346140fbfec468f82fa66baccf7c) Importer(815301076,1909f56bfc062723c751e8b465ee728b)
Start importing Assets/ScriptableObjects/Rooms/Room_MainCasinoFloor.asset using Guid(6fb0346140fbfec468f82fa66baccf7c) Importer(815301076,1909f56bfc062723c751e8b465ee728b) (PreviewImporter) -> (artifact id: 'aaf48e09942c78c47540322e90b8ad6c') in 0.0092544 seconds
Number of updated asset objects reloaded before import = 0Number of asset objects unloaded after import = 8

========================================================================
Received Import Request.
  Time since last request: 1.150809 seconds.
  path: Assets/ScriptableObjects/Rooms/Room_VIPRoom.asset
  artifactKey: Guid(f71940bc86b580c4b8b8f42a0108e6b8) Importer(815301076,1909f56bfc062723c751e8b465ee728b)
Start importing Assets/ScriptableObjects/Rooms/Room_VIPRoom.asset using Guid(f71940bc86b580c4b8b8f42a0108e6b8) Importer(815301076,1909f56bfc062723c751e8b465ee728b) (PreviewImporter) -> (artifact id: '5a7c1d532e0d0c964ae40de82983663c') in 0.0100553 seconds
Number of updated asset objects reloaded before import = 0Number of asset objects unloaded after import = 2

========================================================================
Received Import Request.
  Time since last request: 29.912121 seconds.
  path: Assets/ScriptableObjects/Quests/Quest_FirstBet.asset
  artifactKey: Guid(b6ffbcea6d4833a4598ff1a5fbf8b9c3) Importer(815301076,1909f56bfc062723c751e8b465ee728b)
Start importing Assets/ScriptableObjects/Quests/Quest_FirstBet.asset using Guid(b6ffbcea6d4833a4598ff1a5fbf8b9c3) Importer(815301076,1909f56bfc062723c751e8b465ee728b) (PreviewImporter) -> (artifact id: '92d2a43aa546dcd50d6b24b67c7e8fc1') in 0.0042938 seconds
Number of updated asset objects reloaded before import = 0Number of asset objects unloaded after import = 1

========================================================================
Received Import Request.
  Time since last request: 15.794173 seconds.
  path: Assets/ScriptableObjects/Quests/Quest_TruthBehindTheHouse.asset
  artifactKey: Guid(5dc7401825878df4c8e97c0907cc7d88) Importer(815301076,1909f56bfc062723c751e8b465ee728b)
Start importing Assets/ScriptableObjects/Quests/Quest_TruthBehindTheHouse.asset using Guid(5dc7401825878df4c8e97c0907cc7d88) Importer(815301076,1909f56bfc062723c751e8b465ee728b) (PreviewImporter) -> (artifact id: '7cbe449de78726a5971d9c71725b3296') in 0.0035737 seconds
Number of updated asset objects reloaded before import = 0Number of asset objects unloaded after import = 1

========================================================================
Received Import Request.
  Time since last request: 358.337455 seconds.
  path: Assets/Scripts/Main Menu/MainMenuController.cs
  artifactKey: Guid(5e7ee4c5e9176d44d83cecbce07458bc) Importer(815301076,1909f56bfc062723c751e8b465ee728b)
Start importing Assets/Scripts/Main Menu/MainMenuController.cs using Guid(5e7ee4c5e9176d44d83cecbce07458bc) Importer(815301076,1909f56bfc062723c751e8b465ee728b) (PreviewImporter) -> (artifact id: '8d9481afc8a3242740b0b6af26eb0d93') in 0.0028512 seconds
Number of updated asset objects reloaded before import = 0Number of asset objects unloaded after import = 0

========================================================================
Received Import Request.
  Time since last request: 15.884919 seconds.
  path: Assets/Scripts/Main Casino Floor/MainCasinoFloorController.cs
  artifactKey: Guid(ea2f4e3bc0f5e614785b61edd08e49fd) Importer(815301076,1909f56bfc062723c751e8b465ee728b)
Start importing Assets/Scripts/Main Casino Floor/MainCasinoFloorController.cs using Guid(ea2f4e3bc0f5e614785b61edd08e49fd) Importer(815301076,1909f56bfc062723c751e8b465ee728b) (PreviewImporter) -> (artifact id: '3a73cb8edef2d11fc2632eacd59f6a2a') in 0.0029191 seconds
Number of updated asset objects reloaded before import = 0Number of asset objects unloaded after import = 0

========================================================================
Received Prepare
Refreshing native plugins compatible for Editor in 18.13 ms, found 5 plugins.
Preloading 0 native plugins for Editor in 0.00 ms.
Unloading 13 Unused Serialized files (Serialized files now loaded: 0)
Unloading 6970 unused Assets / (6.5 MB). Loaded Objects now: 7763.
Memory consumption went from 153.3 MB to 146.9 MB.
Total: 162.711600 ms (FindLiveObjects: 6.023200 ms CreateObjectMapping: 2.936900 ms MarkObjects: 138.137700 ms  DeleteObjects: 15.608600 ms)

Prepare: number of updated asset objects reloaded= 0
========================================================================
Received Import Request.
  Time since last request: 213.454613 seconds.
  path: Assets/Scripts/Game Manager/GameData.cs
  artifactKey: Guid(a038f674cc4c48448949bf491eec076d) Importer(815301076,1909f56bfc062723c751e8b465ee728b)
Start importing Assets/Scripts/Game Manager/GameData.cs using Guid(a038f674cc4c48448949bf491eec076d) Importer(815301076,1909f56bfc062723c751e8b465ee728b) (PreviewImporter) -> (artifact id: '656632faf28c343000b2e71b095399b6') in 0.0081885 seconds
Number of updated asset objects reloaded before import = 0Number of asset objects unloaded after import = 0

========================================================================
Received Prepare
Refreshing native plugins compatible for Editor in 25.90 ms, found 5 plugins.
Preloading 0 native plugins for Editor in 0.00 ms.
Unloading 13 Unused Serialized files (Serialized files now loaded: 0)
Unloading 6970 unused Assets / (4.9 MB). Loaded Objects now: 7763.
Memory consumption went from 153.3 MB to 148.4 MB.
Total: 51.184400 ms (FindLiveObjects: 3.578000 ms CreateObjectMapping: 3.787500 ms MarkObjects: 29.506200 ms  DeleteObjects: 14.306800 ms)

Prepare: number of updated asset objects reloaded= 0
========================================================================
Received Prepare
Begin MonoManager ReloadAssembly
- Loaded All Assemblies, in 11.340 seconds
Refreshing native plugins compatible for Editor in 20.33 ms, found 5 plugins.
Native extension for WindowsStandalone target not found
[Package Manager] Failed to launch server process. Reason: Unity was launched with the -noUpm command-line argument
[Package Manager] Unable to send message (not connected to server process).
[Package Manager] Cannot connect to Unity Package Manager local server
Mono: successfully reloaded assembly
- Finished resetting the current domain, in  5.288 seconds
Domain Reload Profiling: 16614ms
	BeginReloadAssembly (1088ms)
		ExecutionOrderSort (0ms)
		DisableScriptedObjects (78ms)
		BackupInstance (0ms)
		ReleaseScriptingObjects (1ms)
		CreateAndSetChildDomain (268ms)
	RebuildCommonClasses (198ms)
	RebuildNativeTypeToScriptingClass (65ms)
	initialDomainReloadingComplete (172ms)
	LoadAllAssembliesAndSetupDomain (9801ms)
		LoadAssemblies (9268ms)
		RebuildTransferFunctionScriptingTraits (0ms)
		AnalyzeDomain (1112ms)
			TypeCache.Refresh (53ms)
				TypeCache.ScanAssembly (1ms)
			BuildScriptInfoCaches (974ms)
			ResolveRequiredComponents (53ms)
	FinalizeReload (5290ms)
		ReleaseScriptCaches (0ms)
		RebuildScriptCaches (0ms)
		SetupLoadedEditorAssemblies (4345ms)
			LogAssemblyErrors (0ms)
			InitializePlatformSupportModulesInManaged (14ms)
			SetLoadedEditorAssemblies (49ms)
			BeforeProcessingInitializeOnLoad (1070ms)
			ProcessInitializeOnLoadAttributes (2759ms)
			ProcessInitializeOnLoadMethodAttributes (408ms)
			AfterProcessingInitializeOnLoad (41ms)
			EditorAssembliesLoaded (2ms)
		ExecutionOrderSort2 (0ms)
		AwakeInstancesAfterBackupRestoration (109ms)
Refreshing native plugins compatible for Editor in 10.58 ms, found 5 plugins.
Preloading 0 native plugins for Editor in 0.00 ms.
Unloading 13 Unused Serialized files (Serialized files now loaded: 0)
Unloading 6986 unused Assets / (6.4 MB). Loaded Objects now: 7766.
Memory consumption went from 153.2 MB to 146.9 MB.
Total: 24.730900 ms (FindLiveObjects: 1.732400 ms CreateObjectMapping: 1.987600 ms MarkObjects: 11.057400 ms  DeleteObjects: 9.948600 ms)

Prepare: number of updated asset objects reloaded= 0
========================================================================
Received Prepare
Refreshing native plugins compatible for Editor in 9.35 ms, found 5 plugins.
Preloading 0 native plugins for Editor in 0.00 ms.
Unloading 13 Unused Serialized files (Serialized files now loaded: 0)
Unloading 6970 unused Assets / (5.1 MB). Loaded Objects now: 7766.
Memory consumption went from 153.3 MB to 148.2 MB.
Total: 24.685000 ms (FindLiveObjects: 2.344700 ms CreateObjectMapping: 2.348000 ms MarkObjects: 12.822800 ms  DeleteObjects: 7.165200 ms)

Prepare: number of updated asset objects reloaded= 0
========================================================================
Received Prepare
Begin MonoManager ReloadAssembly
- Loaded All Assemblies, in  2.025 seconds
Refreshing native plugins compatible for Editor in 5.17 ms, found 5 plugins.
Native extension for WindowsStandalone target not found
[Package Manager] Failed to launch server process. Reason: Unity was launched with the -noUpm command-line argument
[Package Manager] Unable to send message (not connected to server process).
[Package Manager] Cannot connect to Unity Package Manager local server
Mono: successfully reloaded assembly
- Finished resetting the current domain, in  1.881 seconds
Domain Reload Profiling: 3910ms
	BeginReloadAssembly (502ms)
		ExecutionOrderSort (0ms)
		DisableScriptedObjects (31ms)
		BackupInstance (0ms)
		ReleaseScriptingObjects (0ms)
		CreateAndSetChildDomain (130ms)
	RebuildCommonClasses (89ms)
	RebuildNativeTypeToScriptingClass (27ms)
	initialDomainReloadingComplete (75ms)
	LoadAllAssembliesAndSetupDomain (1334ms)
		LoadAssemblies (1019ms)
		RebuildTransferFunctionScriptingTraits (0ms)
		AnalyzeDomain (528ms)
			TypeCache.Refresh (28ms)
				TypeCache.ScanAssembly (1ms)
			BuildScriptInfoCaches (451ms)
			ResolveRequiredComponents (36ms)
	FinalizeReload (1883ms)
		ReleaseScriptCaches (0ms)
		RebuildScriptCaches (0ms)
		SetupLoadedEditorAssemblies (1536ms)
			LogAssemblyErrors (0ms)
			InitializePlatformSupportModulesInManaged (4ms)
			SetLoadedEditorAssemblies (17ms)
			BeforeProcessingInitializeOnLoad (437ms)
			ProcessInitializeOnLoadAttributes (916ms)
			ProcessInitializeOnLoadMethodAttributes (151ms)
			AfterProcessingInitializeOnLoad (11ms)
			EditorAssembliesLoaded (1ms)
		ExecutionOrderSort2 (0ms)
		AwakeInstancesAfterBackupRestoration (40ms)
Refreshing native plugins compatible for Editor in 8.05 ms, found 5 plugins.
Preloading 0 native plugins for Editor in 0.00 ms.
Unloading 13 Unused Serialized files (Serialized files now loaded: 0)
Unloading 6986 unused Assets / (4.9 MB). Loaded Objects now: 7769.
Memory consumption went from 153.3 MB to 148.4 MB.
Total: 18.479200 ms (FindLiveObjects: 1.880200 ms CreateObjectMapping: 1.086000 ms MarkObjects: 9.549200 ms  DeleteObjects: 5.960900 ms)

Prepare: number of updated asset objects reloaded= 0
========================================================================
Received Prepare
Refreshing native plugins compatible for Editor in 8.09 ms, found 5 plugins.
Preloading 0 native plugins for Editor in 0.00 ms.
Unloading 13 Unused Serialized files (Serialized files now loaded: 0)
Unloading 6971 unused Assets / (6.1 MB). Loaded Objects now: 7770.
Memory consumption went from 153.4 MB to 147.3 MB.
Total: 19.688200 ms (FindLiveObjects: 1.113800 ms CreateObjectMapping: 1.123200 ms MarkObjects: 7.958400 ms  DeleteObjects: 9.489700 ms)

Prepare: number of updated asset objects reloaded= 0
========================================================================
Received Prepare
Begin MonoManager ReloadAssembly
- Loaded All Assemblies, in  2.291 seconds
Refreshing native plugins compatible for Editor in 9.22 ms, found 5 plugins.
Native extension for WindowsStandalone target not found
[Package Manager] Failed to launch server process. Reason: Unity was launched with the -noUpm command-line argument
[Package Manager] Unable to send message (not connected to server process).
[Package Manager] Cannot connect to Unity Package Manager local server
Mono: successfully reloaded assembly
- Finished resetting the current domain, in  4.109 seconds
Domain Reload Profiling: 6407ms
	BeginReloadAssembly (527ms)
		ExecutionOrderSort (0ms)
		DisableScriptedObjects (50ms)
		BackupInstance (0ms)
		ReleaseScriptingObjects (0ms)
		CreateAndSetChildDomain (124ms)
	RebuildCommonClasses (105ms)
	RebuildNativeTypeToScriptingClass (36ms)
	initialDomainReloadingComplete (72ms)
	LoadAllAssembliesAndSetupDomain (1553ms)
		LoadAssemblies (1032ms)
		RebuildTransferFunctionScriptingTraits (0ms)
		AnalyzeDomain (748ms)
			TypeCache.Refresh (19ms)
				TypeCache.ScanAssembly (1ms)
			BuildScriptInfoCaches (682ms)
			ResolveRequiredComponents (36ms)
	FinalizeReload (4114ms)
		ReleaseScriptCaches (0ms)
		RebuildScriptCaches (0ms)
		SetupLoadedEditorAssemblies (3487ms)
			LogAssemblyErrors (0ms)
			InitializePlatformSupportModulesInManaged (6ms)
			SetLoadedEditorAssemblies (14ms)
			BeforeProcessingInitializeOnLoad (822ms)
			ProcessInitializeOnLoadAttributes (2205ms)
			ProcessInitializeOnLoadMethodAttributes (402ms)
			AfterProcessingInitializeOnLoad (36ms)
			EditorAssembliesLoaded (2ms)
		ExecutionOrderSort2 (0ms)
		AwakeInstancesAfterBackupRestoration (140ms)
Refreshing native plugins compatible for Editor in 17.50 ms, found 5 plugins.
Preloading 0 native plugins for Editor in 0.00 ms.
Unloading 13 Unused Serialized files (Serialized files now loaded: 0)
Unloading 6987 unused Assets / (7.2 MB). Loaded Objects now: 7773.
Memory consumption went from 153.2 MB to 146.0 MB.
Total: 41.674500 ms (FindLiveObjects: 1.376300 ms CreateObjectMapping: 2.722900 ms MarkObjects: 19.011600 ms  DeleteObjects: 18.559400 ms)

Prepare: number of updated asset objects reloaded= 0
========================================================================
Received Prepare
Refreshing native plugins compatible for Editor in 18.14 ms, found 5 plugins.
Preloading 0 native plugins for Editor in 0.00 ms.
Unloading 13 Unused Serialized files (Serialized files now loaded: 0)
Unloading 6971 unused Assets / (5.5 MB). Loaded Objects now: 7773.
Memory consumption went from 153.4 MB to 147.8 MB.
Total: 33.232900 ms (FindLiveObjects: 2.699200 ms CreateObjectMapping: 2.704200 ms MarkObjects: 16.786100 ms  DeleteObjects: 11.038700 ms)

Prepare: number of updated asset objects reloaded= 0
========================================================================
Received Import Request.
  Time since last request: 166.656713 seconds.
  path: Assets/Scripts/Game Manager/GameManager.cs
  artifactKey: Guid(8395b24cb36ef0244be44209648e1512) Importer(815301076,1909f56bfc062723c751e8b465ee728b)
Start importing Assets/Scripts/Game Manager/GameManager.cs using Guid(8395b24cb36ef0244be44209648e1512) Importer(815301076,1909f56bfc062723c751e8b465ee728b) (PreviewImporter) -> (artifact id: '983c97add32308f13b3281ae8cb13e69') in 0.0266484 seconds
Number of updated asset objects reloaded before import = 0Number of asset objects unloaded after import = 0

========================================================================
Received Prepare
Begin MonoManager ReloadAssembly
- Loaded All Assemblies, in  1.905 seconds
Refreshing native plugins compatible for Editor in 5.11 ms, found 5 plugins.
Native extension for WindowsStandalone target not found
[Package Manager] Failed to launch server process. Reason: Unity was launched with the -noUpm command-line argument
[Package Manager] Unable to send message (not connected to server process).
[Package Manager] Cannot connect to Unity Package Manager local server
Mono: successfully reloaded assembly
- Finished resetting the current domain, in  1.922 seconds
Domain Reload Profiling: 3826ms
	BeginReloadAssembly (449ms)
		ExecutionOrderSort (0ms)
		DisableScriptedObjects (32ms)
		BackupInstance (0ms)
		ReleaseScriptingObjects (0ms)
		CreateAndSetChildDomain (101ms)
	RebuildCommonClasses (66ms)
	RebuildNativeTypeToScriptingClass (25ms)
	initialDomainReloadingComplete (66ms)
	LoadAllAssembliesAndSetupDomain (1297ms)
		LoadAssemblies (936ms)
		RebuildTransferFunctionScriptingTraits (0ms)
		AnalyzeDomain (570ms)
			TypeCache.Refresh (26ms)
				TypeCache.ScanAssembly (1ms)
			BuildScriptInfoCaches (508ms)
			ResolveRequiredComponents (25ms)
	FinalizeReload (1923ms)
		ReleaseScriptCaches (0ms)
		RebuildScriptCaches (0ms)
		SetupLoadedEditorAssemblies (1562ms)
			LogAssemblyErrors (0ms)
			InitializePlatformSupportModulesInManaged (7ms)
			SetLoadedEditorAssemblies (13ms)
			BeforeProcessingInitializeOnLoad (455ms)
			ProcessInitializeOnLoadAttributes (928ms)
			ProcessInitializeOnLoadMethodAttributes (149ms)
			AfterProcessingInitializeOnLoad (9ms)
			EditorAssembliesLoaded (1ms)
		ExecutionOrderSort2 (0ms)
		AwakeInstancesAfterBackupRestoration (34ms)
Refreshing native plugins compatible for Editor in 8.53 ms, found 5 plugins.
Preloading 0 native plugins for Editor in 0.00 ms.
Unloading 13 Unused Serialized files (Serialized files now loaded: 0)
Unloading 6987 unused Assets / (8.4 MB). Loaded Objects now: 7776.
Memory consumption went from 153.4 MB to 145.0 MB.
Total: 31.135700 ms (FindLiveObjects: 1.099700 ms CreateObjectMapping: 1.125900 ms MarkObjects: 9.100400 ms  DeleteObjects: 19.806700 ms)

Prepare: number of updated asset objects reloaded= 0
========================================================================
Received Import Request.
  Time since last request: 19.451856 seconds.
  path: Assets/Scenes/EntranceLobby.unity
  artifactKey: Guid(c5579fba33cb8ba4697aea1b38897024) Importer(815301076,1909f56bfc062723c751e8b465ee728b)
Start importing Assets/Scenes/EntranceLobby.unity using Guid(c5579fba33cb8ba4697aea1b38897024) Importer(815301076,1909f56bfc062723c751e8b465ee728b) (PreviewImporter) -> (artifact id: '2a1717edcd455b58539b5d41d86bf2b3') in 0.0088542 seconds
Number of updated asset objects reloaded before import = 0Number of asset objects unloaded after import = 0

========================================================================
Received Prepare
Refreshing native plugins compatible for Editor in 23.27 ms, found 5 plugins.
Preloading 0 native plugins for Editor in 0.00 ms.
Unloading 13 Unused Serialized files (Serialized files now loaded: 0)
Unloading 6971 unused Assets / (4.2 MB). Loaded Objects now: 7776.
Memory consumption went from 153.5 MB to 149.3 MB.
Total: 34.123600 ms (FindLiveObjects: 1.735000 ms CreateObjectMapping: 2.164200 ms MarkObjects: 21.812300 ms  DeleteObjects: 8.406400 ms)

Prepare: number of updated asset objects reloaded= 0
========================================================================
Received Import Request.
  Time since last request: 97.526544 seconds.
  path: Assets/Scripts/Main Menu/MainMenuController.cs
  artifactKey: Guid(5e7ee4c5e9176d44d83cecbce07458bc) Importer(815301076,1909f56bfc062723c751e8b465ee728b)
Start importing Assets/Scripts/Main Menu/MainMenuController.cs using Guid(5e7ee4c5e9176d44d83cecbce07458bc) Importer(815301076,1909f56bfc062723c751e8b465ee728b) (PreviewImporter) -> (artifact id: '985b3ee8bbd9fc94c6493eb8ee9906eb') in 0.0075185 seconds
Number of updated asset objects reloaded before import = 0Number of asset objects unloaded after import = 0

========================================================================
Received Prepare
Begin MonoManager ReloadAssembly
- Loaded All Assemblies, in  1.786 seconds
Refreshing native plugins compatible for Editor in 5.29 ms, found 5 plugins.
Native extension for WindowsStandalone target not found
[Package Manager] Failed to launch server process. Reason: Unity was launched with the -noUpm command-line argument
[Package Manager] Unable to send message (not connected to server process).
[Package Manager] Cannot connect to Unity Package Manager local server
Mono: successfully reloaded assembly
- Finished resetting the current domain, in  1.770 seconds
Domain Reload Profiling: 3560ms
	BeginReloadAssembly (456ms)
		ExecutionOrderSort (0ms)
		DisableScriptedObjects (32ms)
		BackupInstance (0ms)
		ReleaseScriptingObjects (0ms)
		CreateAndSetChildDomain (112ms)
	RebuildCommonClasses (65ms)
	RebuildNativeTypeToScriptingClass (26ms)
	initialDomainReloadingComplete (52ms)
	LoadAllAssembliesAndSetupDomain (1191ms)
		LoadAssemblies (890ms)
		RebuildTransferFunctionScriptingTraits (0ms)
		AnalyzeDomain (501ms)
			TypeCache.Refresh (29ms)
				TypeCache.ScanAssembly (1ms)
			BuildScriptInfoCaches (439ms)
			ResolveRequiredComponents (21ms)
	FinalizeReload (1771ms)
		ReleaseScriptCaches (0ms)
		RebuildScriptCaches (0ms)
		SetupLoadedEditorAssemblies (1396ms)
			LogAssemblyErrors (0ms)
			InitializePlatformSupportModulesInManaged (4ms)
			SetLoadedEditorAssemblies (14ms)
			BeforeProcessingInitializeOnLoad (435ms)
			ProcessInitializeOnLoadAttributes (826ms)
			ProcessInitializeOnLoadMethodAttributes (110ms)
			AfterProcessingInitializeOnLoad (6ms)
			EditorAssembliesLoaded (1ms)
		ExecutionOrderSort2 (0ms)
		AwakeInstancesAfterBackupRestoration (36ms)
Refreshing native plugins compatible for Editor in 3.86 ms, found 5 plugins.
Preloading 0 native plugins for Editor in 0.00 ms.
Unloading 13 Unused Serialized files (Serialized files now loaded: 0)
Unloading 6987 unused Assets / (5.2 MB). Loaded Objects now: 7779.
Memory consumption went from 153.4 MB to 148.2 MB.
Total: 21.701800 ms (FindLiveObjects: 1.887100 ms CreateObjectMapping: 1.751900 ms MarkObjects: 11.398000 ms  DeleteObjects: 6.660600 ms)

Prepare: number of updated asset objects reloaded= 0
========================================================================
Received Prepare
Refreshing native plugins compatible for Editor in 12.79 ms, found 5 plugins.
Preloading 0 native plugins for Editor in 0.00 ms.
Unloading 13 Unused Serialized files (Serialized files now loaded: 0)
Unloading 6971 unused Assets / (5.3 MB). Loaded Objects now: 7779.
Memory consumption went from 153.5 MB to 148.2 MB.
Total: 25.597300 ms (FindLiveObjects: 2.032300 ms CreateObjectMapping: 1.431900 ms MarkObjects: 14.753300 ms  DeleteObjects: 7.374900 ms)

Prepare: number of updated asset objects reloaded= 0
========================================================================
Received Prepare
Begin MonoManager ReloadAssembly
- Loaded All Assemblies, in  1.926 seconds
Refreshing native plugins compatible for Editor in 6.32 ms, found 5 plugins.
Native extension for WindowsStandalone target not found
[Package Manager] Failed to launch server process. Reason: Unity was launched with the -noUpm command-line argument
[Package Manager] Unable to send message (not connected to server process).
[Package Manager] Cannot connect to Unity Package Manager local server
Mono: successfully reloaded assembly
- Finished resetting the current domain, in  1.822 seconds
Domain Reload Profiling: 3754ms
	BeginReloadAssembly (504ms)
		ExecutionOrderSort (0ms)
		DisableScriptedObjects (37ms)
		BackupInstance (0ms)
		ReleaseScriptingObjects (0ms)
		CreateAndSetChildDomain (138ms)
	RebuildCommonClasses (89ms)
	RebuildNativeTypeToScriptingClass (36ms)
	initialDomainReloadingComplete (71ms)
	LoadAllAssembliesAndSetupDomain (1231ms)
		LoadAssemblies (947ms)
		RebuildTransferFunctionScriptingTraits (0ms)
		AnalyzeDomain (478ms)
			TypeCache.Refresh (21ms)
				TypeCache.ScanAssembly (0ms)
			BuildScriptInfoCaches (423ms)
			ResolveRequiredComponents (20ms)
	FinalizeReload (1823ms)
		ReleaseScriptCaches (0ms)
		RebuildScriptCaches (0ms)
		SetupLoadedEditorAssemblies (1512ms)
			LogAssemblyErrors (0ms)
			InitializePlatformSupportModulesInManaged (4ms)
			SetLoadedEditorAssemblies (17ms)
			BeforeProcessingInitializeOnLoad (468ms)
			ProcessInitializeOnLoadAttributes (877ms)
			ProcessInitializeOnLoadMethodAttributes (137ms)
			AfterProcessingInitializeOnLoad (8ms)
			EditorAssembliesLoaded (1ms)
		ExecutionOrderSort2 (0ms)
		AwakeInstancesAfterBackupRestoration (27ms)
Refreshing native plugins compatible for Editor in 3.92 ms, found 5 plugins.
Preloading 0 native plugins for Editor in 0.00 ms.
Unloading 13 Unused Serialized files (Serialized files now loaded: 0)
Unloading 6987 unused Assets / (4.3 MB). Loaded Objects now: 7782.
Memory consumption went from 153.4 MB to 149.1 MB.
Total: 16.832200 ms (FindLiveObjects: 1.154200 ms CreateObjectMapping: 1.180300 ms MarkObjects: 9.997800 ms  DeleteObjects: 4.494500 ms)

Prepare: number of updated asset objects reloaded= 0
========================================================================
Received Import Request.
  Time since last request: 348.201184 seconds.
  path: Assets/ScriptableObjects/Rooms
  artifactKey: Guid(1dc0f52485ad0c54d937294a00959cb9) Importer(815301076,1909f56bfc062723c751e8b465ee728b)
Start importing Assets/ScriptableObjects/Rooms using Guid(1dc0f52485ad0c54d937294a00959cb9) Importer(815301076,1909f56bfc062723c751e8b465ee728b) (PreviewImporter) -> (artifact id: 'b3805865656703a2faa3cb552d87fc4d') in 0.0123467 seconds
Number of updated asset objects reloaded before import = 0Number of asset objects unloaded after import = 0

========================================================================
Received Import Request.
  Time since last request: 20.957379 seconds.
  path: Assets/Scenes/MainCasinoFloor.unity
  artifactKey: Guid(837bf0afdc4a32645ac0d8f5fe7d61b6) Importer(815301076,1909f56bfc062723c751e8b465ee728b)
Start importing Assets/Scenes/MainCasinoFloor.unity using Guid(837bf0afdc4a32645ac0d8f5fe7d61b6) Importer(815301076,1909f56bfc062723c751e8b465ee728b) (PreviewImporter) -> (artifact id: '1805a30a5e45664b36f233ea1aa55df0') in 0.002244 seconds
Number of updated asset objects reloaded before import = 0Number of asset objects unloaded after import = 0

========================================================================
Received Prepare
Begin MonoManager ReloadAssembly
- Loaded All Assemblies, in  2.116 seconds
Refreshing native plugins compatible for Editor in 5.48 ms, found 5 plugins.
Native extension for WindowsStandalone target not found
[Package Manager] Failed to launch server process. Reason: Unity was launched with the -noUpm command-line argument
[Package Manager] Unable to send message (not connected to server process).
[Package Manager] Cannot connect to Unity Package Manager local server
Mono: successfully reloaded assembly
- Finished resetting the current domain, in  2.578 seconds
Domain Reload Profiling: 4692ms
	BeginReloadAssembly (533ms)
		ExecutionOrderSort (0ms)
		DisableScriptedObjects (42ms)
		BackupInstance (0ms)
		ReleaseScriptingObjects (0ms)
		CreateAndSetChildDomain (114ms)
	RebuildCommonClasses (85ms)
	RebuildNativeTypeToScriptingClass (26ms)
	initialDomainReloadingComplete (71ms)
	LoadAllAssembliesAndSetupDomain (1397ms)
		LoadAssemblies (1082ms)
		RebuildTransferFunctionScriptingTraits (0ms)
		AnalyzeDomain (537ms)
			TypeCache.Refresh (17ms)
				TypeCache.ScanAssembly (0ms)
			BuildScriptInfoCaches (480ms)
			ResolveRequiredComponents (27ms)
	FinalizeReload (2580ms)
		ReleaseScriptCaches (0ms)
		RebuildScriptCaches (0ms)
		SetupLoadedEditorAssemblies (2115ms)
			LogAssemblyErrors (0ms)
			InitializePlatformSupportModulesInManaged (7ms)
			SetLoadedEditorAssemblies (20ms)
			BeforeProcessingInitializeOnLoad (533ms)
			ProcessInitializeOnLoadAttributes (1301ms)
			ProcessInitializeOnLoadMethodAttributes (238ms)
			AfterProcessingInitializeOnLoad (14ms)
			EditorAssembliesLoaded (1ms)
		ExecutionOrderSort2 (0ms)
		AwakeInstancesAfterBackupRestoration (55ms)
Refreshing native plugins compatible for Editor in 7.90 ms, found 5 plugins.
Preloading 0 native plugins for Editor in 0.00 ms.
Unloading 13 Unused Serialized files (Serialized files now loaded: 0)
Unloading 6987 unused Assets / (5.1 MB). Loaded Objects now: 7785.
Memory consumption went from 153.5 MB to 148.4 MB.
Total: 25.438900 ms (FindLiveObjects: 2.769700 ms CreateObjectMapping: 3.029900 ms MarkObjects: 12.498100 ms  DeleteObjects: 7.136800 ms)

Prepare: number of updated asset objects reloaded= 0
========================================================================
Received Import Request.
  Time since last request: 315.046471 seconds.
  path: Assets/Scenes/MainMenu.unity
  artifactKey: Guid(f3bbbffaa6c956a46acfbf9c1e52d60a) Importer(815301076,1909f56bfc062723c751e8b465ee728b)
Start importing Assets/Scenes/MainMenu.unity using Guid(f3bbbffaa6c956a46acfbf9c1e52d60a) Importer(815301076,1909f56bfc062723c751e8b465ee728b) (PreviewImporter) -> (artifact id: 'ca9af64fda85474ce0a7992d2e0eea39') in 0.0100068 seconds
Number of updated asset objects reloaded before import = 0Number of asset objects unloaded after import = 0

========================================================================
Received Prepare
Begin MonoManager ReloadAssembly
- Loaded All Assemblies, in  2.134 seconds
Refreshing native plugins compatible for Editor in 9.40 ms, found 5 plugins.
Native extension for WindowsStandalone target not found
[Package Manager] Failed to launch server process. Reason: Unity was launched with the -noUpm command-line argument
[Package Manager] Unable to send message (not connected to server process).
[Package Manager] Cannot connect to Unity Package Manager local server
Mono: successfully reloaded assembly
- Finished resetting the current domain, in  2.729 seconds
Domain Reload Profiling: 4860ms
	BeginReloadAssembly (547ms)
		ExecutionOrderSort (0ms)
		DisableScriptedObjects (53ms)
		BackupInstance (0ms)
		ReleaseScriptingObjects (0ms)
		CreateAndSetChildDomain (116ms)
	RebuildCommonClasses (105ms)
	RebuildNativeTypeToScriptingClass (25ms)
	initialDomainReloadingComplete (77ms)
	LoadAllAssembliesAndSetupDomain (1376ms)
		LoadAssemblies (1053ms)
		RebuildTransferFunctionScriptingTraits (0ms)
		AnalyzeDomain (569ms)
			TypeCache.Refresh (20ms)
				TypeCache.ScanAssembly (0ms)
			BuildScriptInfoCaches (510ms)
			ResolveRequiredComponents (25ms)
	FinalizeReload (2731ms)
		ReleaseScriptCaches (0ms)
		RebuildScriptCaches (0ms)
		SetupLoadedEditorAssemblies (2237ms)
			LogAssemblyErrors (0ms)
			InitializePlatformSupportModulesInManaged (7ms)
			SetLoadedEditorAssemblies (19ms)
			BeforeProcessingInitializeOnLoad (592ms)
			ProcessInitializeOnLoadAttributes (1359ms)
			ProcessInitializeOnLoadMethodAttributes (238ms)
			AfterProcessingInitializeOnLoad (19ms)
			EditorAssembliesLoaded (1ms)
		ExecutionOrderSort2 (0ms)
		AwakeInstancesAfterBackupRestoration (51ms)
Refreshing native plugins compatible for Editor in 12.92 ms, found 5 plugins.
Preloading 0 native plugins for Editor in 0.00 ms.
Unloading 13 Unused Serialized files (Serialized files now loaded: 0)
Unloading 6987 unused Assets / (5.3 MB). Loaded Objects now: 7788.
Memory consumption went from 153.4 MB to 148.2 MB.
Total: 25.931500 ms (FindLiveObjects: 2.198200 ms CreateObjectMapping: 1.992400 ms MarkObjects: 14.005600 ms  DeleteObjects: 7.732100 ms)

Prepare: number of updated asset objects reloaded= 0
========================================================================
Received Import Request.
  Time since last request: 213.891058 seconds.
  path: Assets/Scenes/MainCasinoFloor.unity
  artifactKey: Guid(837bf0afdc4a32645ac0d8f5fe7d61b6) Importer(815301076,1909f56bfc062723c751e8b465ee728b)
Start importing Assets/Scenes/MainCasinoFloor.unity using Guid(837bf0afdc4a32645ac0d8f5fe7d61b6) Importer(815301076,1909f56bfc062723c751e8b465ee728b) (PreviewImporter) -> (artifact id: '1fb5968743dc69358b8b9bf8be5192ed') in 0.0096515 seconds
Number of updated asset objects reloaded before import = 0Number of asset objects unloaded after import = 0

========================================================================
Received Prepare
Begin MonoManager ReloadAssembly
- Loaded All Assemblies, in  2.285 seconds
Refreshing native plugins compatible for Editor in 6.01 ms, found 5 plugins.
Native extension for WindowsStandalone target not found
[Package Manager] Failed to launch server process. Reason: Unity was launched with the -noUpm command-line argument
[Package Manager] Unable to send message (not connected to server process).
[Package Manager] Cannot connect to Unity Package Manager local server
Mono: successfully reloaded assembly
- Finished resetting the current domain, in  2.649 seconds
Domain Reload Profiling: 4929ms
	BeginReloadAssembly (544ms)
		ExecutionOrderSort (0ms)
		DisableScriptedObjects (40ms)
		BackupInstance (0ms)
		ReleaseScriptingObjects (0ms)
		CreateAndSetChildDomain (128ms)
	RebuildCommonClasses (80ms)
	RebuildNativeTypeToScriptingClass (27ms)
	initialDomainReloadingComplete (77ms)
	LoadAllAssembliesAndSetupDomain (1552ms)
		LoadAssemblies (1201ms)
		RebuildTransferFunctionScriptingTraits (0ms)
		AnalyzeDomain (584ms)
			TypeCache.Refresh (22ms)
				TypeCache.ScanAssembly (0ms)
			BuildScriptInfoCaches (512ms)
			ResolveRequiredComponents (34ms)
	FinalizeReload (2650ms)
		ReleaseScriptCaches (0ms)
		RebuildScriptCaches (0ms)
		SetupLoadedEditorAssemblies (2214ms)
			LogAssemblyErrors (0ms)
			InitializePlatformSupportModulesInManaged (6ms)
			SetLoadedEditorAssemblies (17ms)
			BeforeProcessingInitializeOnLoad (627ms)
			ProcessInitializeOnLoadAttributes (1344ms)
			ProcessInitializeOnLoadMethodAttributes (211ms)
			AfterProcessingInitializeOnLoad (8ms)
			EditorAssembliesLoaded (1ms)
		ExecutionOrderSort2 (0ms)
		AwakeInstancesAfterBackupRestoration (47ms)
Refreshing native plugins compatible for Editor in 6.35 ms, found 5 plugins.
Preloading 0 native plugins for Editor in 0.00 ms.
Unloading 13 Unused Serialized files (Serialized files now loaded: 0)
Unloading 6987 unused Assets / (4.5 MB). Loaded Objects now: 7791.
Memory consumption went from 153.6 MB to 149.1 MB.
Total: 19.781100 ms (FindLiveObjects: 2.686400 ms CreateObjectMapping: 1.235700 ms MarkObjects: 9.601400 ms  DeleteObjects: 6.253400 ms)

Prepare: number of updated asset objects reloaded= 0
========================================================================
Received Prepare
Begin MonoManager ReloadAssembly
- Loaded All Assemblies, in  2.310 seconds
Refreshing native plugins compatible for Editor in 6.76 ms, found 5 plugins.
Native extension for WindowsStandalone target not found
[Package Manager] Failed to launch server process. Reason: Unity was launched with the -noUpm command-line argument
[Package Manager] Unable to send message (not connected to server process).
[Package Manager] Cannot connect to Unity Package Manager local server
Mono: successfully reloaded assembly
- Finished resetting the current domain, in  2.939 seconds
Domain Reload Profiling: 5250ms
	BeginReloadAssembly (560ms)
		ExecutionOrderSort (0ms)
		DisableScriptedObjects (53ms)
		BackupInstance (0ms)
		ReleaseScriptingObjects (0ms)
		CreateAndSetChildDomain (138ms)
	RebuildCommonClasses (100ms)
	RebuildNativeTypeToScriptingClass (40ms)
	initialDomainReloadingComplete (104ms)
	LoadAllAssembliesAndSetupDomain (1506ms)
		LoadAssemblies (1133ms)
		RebuildTransferFunctionScriptingTraits (0ms)
		AnalyzeDomain (612ms)
			TypeCache.Refresh (21ms)
				TypeCache.ScanAssembly (0ms)
			BuildScriptInfoCaches (550ms)
			ResolveRequiredComponents (29ms)
	FinalizeReload (2940ms)
		ReleaseScriptCaches (0ms)
		RebuildScriptCaches (0ms)
		SetupLoadedEditorAssemblies (2323ms)
			LogAssemblyErrors (0ms)
			InitializePlatformSupportModulesInManaged (9ms)
			SetLoadedEditorAssemblies (19ms)
			BeforeProcessingInitializeOnLoad (611ms)
			ProcessInitializeOnLoadAttributes (1417ms)
			ProcessInitializeOnLoadMethodAttributes (244ms)
			AfterProcessingInitializeOnLoad (21ms)
			EditorAssembliesLoaded (1ms)
		ExecutionOrderSort2 (0ms)
		AwakeInstancesAfterBackupRestoration (67ms)
Refreshing native plugins compatible for Editor in 11.67 ms, found 5 plugins.
Preloading 0 native plugins for Editor in 0.00 ms.
Unloading 13 Unused Serialized files (Serialized files now loaded: 0)
Unloading 6987 unused Assets / (5.4 MB). Loaded Objects now: 7794.
Memory consumption went from 153.6 MB to 148.2 MB.
Total: 33.414200 ms (FindLiveObjects: 2.753300 ms CreateObjectMapping: 3.685000 ms MarkObjects: 16.043600 ms  DeleteObjects: 10.927800 ms)

Prepare: number of updated asset objects reloaded= 0
========================================================================
Received Prepare
Begin MonoManager ReloadAssembly
- Loaded All Assemblies, in  2.278 seconds
Refreshing native plugins compatible for Editor in 9.84 ms, found 5 plugins.
Native extension for WindowsStandalone target not found
[Package Manager] Failed to launch server process. Reason: Unity was launched with the -noUpm command-line argument
[Package Manager] Unable to send message (not connected to server process).
[Package Manager] Cannot connect to Unity Package Manager local server
Mono: successfully reloaded assembly
- Finished resetting the current domain, in  2.679 seconds
Domain Reload Profiling: 4963ms
	BeginReloadAssembly (577ms)
		ExecutionOrderSort (0ms)
		DisableScriptedObjects (49ms)
		BackupInstance (0ms)
		ReleaseScriptingObjects (0ms)
		CreateAndSetChildDomain (150ms)
	RebuildCommonClasses (89ms)
	RebuildNativeTypeToScriptingClass (24ms)
	initialDomainReloadingComplete (72ms)
	LoadAllAssembliesAndSetupDomain (1520ms)
		LoadAssemblies (1197ms)
		RebuildTransferFunctionScriptingTraits (0ms)
		AnalyzeDomain (566ms)
			TypeCache.Refresh (20ms)
				TypeCache.ScanAssembly (0ms)
			BuildScriptInfoCaches (503ms)
			ResolveRequiredComponents (32ms)
	FinalizeReload (2681ms)
		ReleaseScriptCaches (0ms)
		RebuildScriptCaches (0ms)
		SetupLoadedEditorAssemblies (2179ms)
			LogAssemblyErrors (0ms)
			InitializePlatformSupportModulesInManaged (7ms)
			SetLoadedEditorAssemblies (19ms)
			BeforeProcessingInitializeOnLoad (565ms)
			ProcessInitializeOnLoadAttributes (1300ms)
			ProcessInitializeOnLoadMethodAttributes (257ms)
			AfterProcessingInitializeOnLoad (30ms)
			EditorAssembliesLoaded (1ms)
		ExecutionOrderSort2 (0ms)
		AwakeInstancesAfterBackupRestoration (61ms)
Refreshing native plugins compatible for Editor in 10.31 ms, found 5 plugins.
Preloading 0 native plugins for Editor in 0.00 ms.
Unloading 13 Unused Serialized files (Serialized files now loaded: 0)
Unloading 6987 unused Assets / (5.0 MB). Loaded Objects now: 7797.
Memory consumption went from 153.6 MB to 148.6 MB.
Total: 31.789300 ms (FindLiveObjects: 2.318500 ms CreateObjectMapping: 2.831300 ms MarkObjects: 16.528000 ms  DeleteObjects: 10.106000 ms)

Prepare: number of updated asset objects reloaded= 0
========================================================================
Received Prepare
Begin MonoManager ReloadAssembly
- Loaded All Assemblies, in  2.170 seconds
Refreshing native plugins compatible for Editor in 8.49 ms, found 5 plugins.
Native extension for WindowsStandalone target not found
[Package Manager] Failed to launch server process. Reason: Unity was launched with the -noUpm command-line argument
[Package Manager] Unable to send message (not connected to server process).
[Package Manager] Cannot connect to Unity Package Manager local server
Mono: successfully reloaded assembly
- Finished resetting the current domain, in  2.512 seconds
Domain Reload Profiling: 4685ms
	BeginReloadAssembly (517ms)
		ExecutionOrderSort (0ms)
		DisableScriptedObjects (42ms)
		BackupInstance (0ms)
		ReleaseScriptingObjects (0ms)
		CreateAndSetChildDomain (116ms)
	RebuildCommonClasses (77ms)
	RebuildNativeTypeToScriptingClass (32ms)
	initialDomainReloadingComplete (94ms)
	LoadAllAssembliesAndSetupDomain (1450ms)
		LoadAssemblies (1075ms)
		RebuildTransferFunctionScriptingTraits (0ms)
		AnalyzeDomain (587ms)
			TypeCache.Refresh (20ms)
				TypeCache.ScanAssembly (0ms)
			BuildScriptInfoCaches (528ms)
			ResolveRequiredComponents (26ms)
	FinalizeReload (2514ms)
		ReleaseScriptCaches (0ms)
		RebuildScriptCaches (0ms)
		SetupLoadedEditorAssemblies (2052ms)
			LogAssemblyErrors (0ms)
			InitializePlatformSupportModulesInManaged (9ms)
			SetLoadedEditorAssemblies (21ms)
			BeforeProcessingInitializeOnLoad (525ms)
			ProcessInitializeOnLoadAttributes (1297ms)
			ProcessInitializeOnLoadMethodAttributes (187ms)
			AfterProcessingInitializeOnLoad (11ms)
			EditorAssembliesLoaded (1ms)
		ExecutionOrderSort2 (0ms)
		AwakeInstancesAfterBackupRestoration (46ms)
Refreshing native plugins compatible for Editor in 10.54 ms, found 5 plugins.
Preloading 0 native plugins for Editor in 0.00 ms.
Unloading 13 Unused Serialized files (Serialized files now loaded: 0)
Unloading 6987 unused Assets / (5.3 MB). Loaded Objects now: 7800.
Memory consumption went from 153.7 MB to 148.3 MB.
Total: 24.864600 ms (FindLiveObjects: 1.455000 ms CreateObjectMapping: 2.186700 ms MarkObjects: 12.492700 ms  DeleteObjects: 8.726200 ms)

Prepare: number of updated asset objects reloaded= 0
========================================================================
Received Import Request.
  Time since last request: 612.493745 seconds.
  path: Assets/ScriptableObjects/Dialogue
  artifactKey: Guid(dd7b379d68090ac44beaa2f45d8170d9) Importer(815301076,1909f56bfc062723c751e8b465ee728b)
Start importing Assets/ScriptableObjects/Dialogue using Guid(dd7b379d68090ac44beaa2f45d8170d9) Importer(815301076,1909f56bfc062723c751e8b465ee728b) (PreviewImporter) -> (artifact id: 'c4d209faaaa957d51fb12199d3b49e3a') in 0.018961 seconds
Number of updated asset objects reloaded before import = 0Number of asset objects unloaded after import = 0

========================================================================
Received Import Request.
  Time since last request: 198.872099 seconds.
  path: Assets/Scripts/Main Casino Floor/MainCasinoFloorController.cs
  artifactKey: Guid(ea2f4e3bc0f5e614785b61edd08e49fd) Importer(815301076,1909f56bfc062723c751e8b465ee728b)
Start importing Assets/Scripts/Main Casino Floor/MainCasinoFloorController.cs using Guid(ea2f4e3bc0f5e614785b61edd08e49fd) Importer(815301076,1909f56bfc062723c751e8b465ee728b) (PreviewImporter) -> (artifact id: 'e673f076613f1d45b4325315d6dfcf59') in 0.0167096 seconds
Number of updated asset objects reloaded before import = 0Number of asset objects unloaded after import = 0

========================================================================
Received Prepare
Refreshing native plugins compatible for Editor in 26.21 ms, found 5 plugins.
Preloading 0 native plugins for Editor in 0.00 ms.
Unloading 13 Unused Serialized files (Serialized files now loaded: 0)
Unloading 6971 unused Assets / (5.7 MB). Loaded Objects now: 7800.
Memory consumption went from 153.8 MB to 148.1 MB.
Total: 41.355200 ms (FindLiveObjects: 2.966300 ms CreateObjectMapping: 4.269900 ms MarkObjects: 21.346800 ms  DeleteObjects: 12.766200 ms)

Prepare: number of updated asset objects reloaded= 0
========================================================================
Received Prepare
Refreshing native plugins compatible for Editor in 22.64 ms, found 5 plugins.
Preloading 0 native plugins for Editor in 0.00 ms.
Unloading 13 Unused Serialized files (Serialized files now loaded: 0)
Unloading 6971 unused Assets / (5.3 MB). Loaded Objects now: 7800.
Memory consumption went from 153.8 MB to 148.5 MB.
Total: 41.272300 ms (FindLiveObjects: 1.647900 ms CreateObjectMapping: 1.874000 ms MarkObjects: 23.774600 ms  DeleteObjects: 13.971600 ms)

Prepare: number of updated asset objects reloaded= 0
========================================================================
Received Import Request.
  Time since last request: 40.205283 seconds.
  path: Assets/Scripts/Main Casino Floor/MainCasinoFloorController.cs
  artifactKey: Guid(ea2f4e3bc0f5e614785b61edd08e49fd) Importer(815301076,1909f56bfc062723c751e8b465ee728b)
Start importing Assets/Scripts/Main Casino Floor/MainCasinoFloorController.cs using Guid(ea2f4e3bc0f5e614785b61edd08e49fd) Importer(815301076,1909f56bfc062723c751e8b465ee728b) (PreviewImporter) -> (artifact id: '708661d893414ce5e43ae8e42d6b662f') in 0.0075462 seconds
Number of updated asset objects reloaded before import = 0Number of asset objects unloaded after import = 0

========================================================================
Received Prepare
Begin MonoManager ReloadAssembly
- Loaded All Assemblies, in  2.210 seconds
Refreshing native plugins compatible for Editor in 10.33 ms, found 5 plugins.
Native extension for WindowsStandalone target not found
[Package Manager] Failed to launch server process. Reason: Unity was launched with the -noUpm command-line argument
[Package Manager] Unable to send message (not connected to server process).
[Package Manager] Cannot connect to Unity Package Manager local server
Mono: successfully reloaded assembly
- Finished resetting the current domain, in  2.235 seconds
Domain Reload Profiling: 4450ms
	BeginReloadAssembly (508ms)
		ExecutionOrderSort (0ms)
		DisableScriptedObjects (38ms)
		BackupInstance (0ms)
		ReleaseScriptingObjects (0ms)
		CreateAndSetChildDomain (133ms)
	RebuildCommonClasses (84ms)
	RebuildNativeTypeToScriptingClass (36ms)
	initialDomainReloadingComplete (77ms)
	LoadAllAssembliesAndSetupDomain (1509ms)
		LoadAssemblies (1160ms)
		RebuildTransferFunctionScriptingTraits (0ms)
		AnalyzeDomain (563ms)
			TypeCache.Refresh (41ms)
				TypeCache.ScanAssembly (1ms)
			BuildScriptInfoCaches (481ms)
			ResolveRequiredComponents (25ms)
	FinalizeReload (2236ms)
		ReleaseScriptCaches (0ms)
		RebuildScriptCaches (0ms)
		SetupLoadedEditorAssemblies (1791ms)
			LogAssemblyErrors (0ms)
			InitializePlatformSupportModulesInManaged (9ms)
			SetLoadedEditorAssemblies (21ms)
			BeforeProcessingInitializeOnLoad (494ms)
			ProcessInitializeOnLoadAttributes (1060ms)
			ProcessInitializeOnLoadMethodAttributes (196ms)
			AfterProcessingInitializeOnLoad (11ms)
			EditorAssembliesLoaded (1ms)
		ExecutionOrderSort2 (0ms)
		AwakeInstancesAfterBackupRestoration (33ms)
Refreshing native plugins compatible for Editor in 8.61 ms, found 5 plugins.
Preloading 0 native plugins for Editor in 0.00 ms.
Unloading 13 Unused Serialized files (Serialized files now loaded: 0)
Unloading 6987 unused Assets / (4.3 MB). Loaded Objects now: 7803.
Memory consumption went from 153.6 MB to 149.4 MB.
Total: 19.540300 ms (FindLiveObjects: 1.651000 ms CreateObjectMapping: 1.144000 ms MarkObjects: 11.838000 ms  DeleteObjects: 4.903900 ms)

Prepare: number of updated asset objects reloaded= 0
========================================================================
Received Prepare
Refreshing native plugins compatible for Editor in 25.84 ms, found 5 plugins.
Preloading 0 native plugins for Editor in 0.00 ms.
Unloading 13 Unused Serialized files (Serialized files now loaded: 0)
Unloading 6971 unused Assets / (7.0 MB). Loaded Objects now: 7803.
Memory consumption went from 153.8 MB to 146.8 MB.
Total: 53.029100 ms (FindLiveObjects: 1.944600 ms CreateObjectMapping: 2.436000 ms MarkObjects: 28.686800 ms  DeleteObjects: 19.955200 ms)

Prepare: number of updated asset objects reloaded= 0
========================================================================
Received Import Request.
  Time since last request: 504.167886 seconds.
  path: Assets/Scripts/Main Casino Floor/MainCasinoFloorController.cs
  artifactKey: Guid(ea2f4e3bc0f5e614785b61edd08e49fd) Importer(815301076,1909f56bfc062723c751e8b465ee728b)
Start importing Assets/Scripts/Main Casino Floor/MainCasinoFloorController.cs using Guid(ea2f4e3bc0f5e614785b61edd08e49fd) Importer(815301076,1909f56bfc062723c751e8b465ee728b) (PreviewImporter) -> (artifact id: '691fb95eee18a2eb323e5cac353f4e67') in 0.021322 seconds
Number of updated asset objects reloaded before import = 0Number of asset objects unloaded after import = 0

========================================================================
Received Prepare
Refreshing native plugins compatible for Editor in 25.70 ms, found 5 plugins.
Preloading 0 native plugins for Editor in 0.00 ms.
Unloading 13 Unused Serialized files (Serialized files now loaded: 0)
Unloading 6971 unused Assets / (5.2 MB). Loaded Objects now: 7803.
Memory consumption went from 153.8 MB to 148.6 MB.
Total: 34.959900 ms (FindLiveObjects: 2.274100 ms CreateObjectMapping: 2.324600 ms MarkObjects: 17.539500 ms  DeleteObjects: 12.817800 ms)

Prepare: number of updated asset objects reloaded= 0
========================================================================
Received Prepare
Refreshing native plugins compatible for Editor in 25.10 ms, found 5 plugins.
Preloading 0 native plugins for Editor in 0.00 ms.
Unloading 13 Unused Serialized files (Serialized files now loaded: 0)
Unloading 6971 unused Assets / (5.5 MB). Loaded Objects now: 7803.
Memory consumption went from 153.8 MB to 148.2 MB.
Total: 44.963200 ms (FindLiveObjects: 3.783500 ms CreateObjectMapping: 2.986400 ms MarkObjects: 25.281800 ms  DeleteObjects: 12.906300 ms)

Prepare: number of updated asset objects reloaded= 0
========================================================================
Received Import Request.
  Time since last request: 215.624502 seconds.
  path: Assets/Scripts/Main Casino Floor/MainCasinoFloorController.cs
  artifactKey: Guid(ea2f4e3bc0f5e614785b61edd08e49fd) Importer(815301076,1909f56bfc062723c751e8b465ee728b)
Start importing Assets/Scripts/Main Casino Floor/MainCasinoFloorController.cs using Guid(ea2f4e3bc0f5e614785b61edd08e49fd) Importer(815301076,1909f56bfc062723c751e8b465ee728b) (PreviewImporter) -> (artifact id: 'f3833c336ffef07f3c1f19e266ea5011') in 0.0125199 seconds
Number of updated asset objects reloaded before import = 0Number of asset objects unloaded after import = 0

========================================================================
Received Prepare
Begin MonoManager ReloadAssembly
- Loaded All Assemblies, in  2.439 seconds
Refreshing native plugins compatible for Editor in 4.63 ms, found 5 plugins.
Native extension for WindowsStandalone target not found
[Package Manager] Failed to launch server process. Reason: Unity was launched with the -noUpm command-line argument
[Package Manager] Unable to send message (not connected to server process).
[Package Manager] Cannot connect to Unity Package Manager local server
Mono: successfully reloaded assembly
- Finished resetting the current domain, in  2.337 seconds
Domain Reload Profiling: 4781ms
	BeginReloadAssembly (651ms)
		ExecutionOrderSort (0ms)
		DisableScriptedObjects (68ms)
		BackupInstance (0ms)
		ReleaseScriptingObjects (1ms)
		CreateAndSetChildDomain (167ms)
	RebuildCommonClasses (99ms)
	RebuildNativeTypeToScriptingClass (21ms)
	initialDomainReloadingComplete (81ms)
	LoadAllAssembliesAndSetupDomain (1590ms)
		LoadAssemblies (1248ms)
		RebuildTransferFunctionScriptingTraits (0ms)
		AnalyzeDomain (609ms)
			TypeCache.Refresh (26ms)
				TypeCache.ScanAssembly (1ms)
			BuildScriptInfoCaches (537ms)
			ResolveRequiredComponents (33ms)
	FinalizeReload (2338ms)
		ReleaseScriptCaches (0ms)
		RebuildScriptCaches (0ms)
		SetupLoadedEditorAssemblies (1923ms)
			LogAssemblyErrors (0ms)
			InitializePlatformSupportModulesInManaged (8ms)
			SetLoadedEditorAssemblies (27ms)
			BeforeProcessingInitializeOnLoad (575ms)
			ProcessInitializeOnLoadAttributes (1135ms)
			ProcessInitializeOnLoadMethodAttributes (168ms)
			AfterProcessingInitializeOnLoad (9ms)
			EditorAssembliesLoaded (1ms)
		ExecutionOrderSort2 (0ms)
		AwakeInstancesAfterBackupRestoration (43ms)
Refreshing native plugins compatible for Editor in 7.42 ms, found 5 plugins.
Preloading 0 native plugins for Editor in 0.00 ms.
Unloading 13 Unused Serialized files (Serialized files now loaded: 0)
Unloading 6987 unused Assets / (4.8 MB). Loaded Objects now: 7806.
Memory consumption went from 153.8 MB to 148.9 MB.
Total: 22.979400 ms (FindLiveObjects: 2.275500 ms CreateObjectMapping: 2.398500 ms MarkObjects: 10.703000 ms  DeleteObjects: 7.599200 ms)

Prepare: number of updated asset objects reloaded= 0
========================================================================
Received Prepare
Begin MonoManager ReloadAssembly
- Loaded All Assemblies, in  2.157 seconds
Refreshing native plugins compatible for Editor in 10.81 ms, found 5 plugins.
Native extension for WindowsStandalone target not found
[Package Manager] Failed to launch server process. Reason: Unity was launched with the -noUpm command-line argument
[Package Manager] Unable to send message (not connected to server process).
[Package Manager] Cannot connect to Unity Package Manager local server
Mono: successfully reloaded assembly
- Finished resetting the current domain, in  2.455 seconds
Domain Reload Profiling: 4610ms
	BeginReloadAssembly (570ms)
		ExecutionOrderSort (0ms)
		DisableScriptedObjects (56ms)
		BackupInstance (0ms)
		ReleaseScriptingObjects (0ms)
		CreateAndSetChildDomain (120ms)
	RebuildCommonClasses (88ms)
	RebuildNativeTypeToScriptingClass (22ms)
	initialDomainReloadingComplete (68ms)
	LoadAllAssembliesAndSetupDomain (1406ms)
		LoadAssemblies (1076ms)
		RebuildTransferFunctionScriptingTraits (0ms)
		AnalyzeDomain (593ms)
			TypeCache.Refresh (19ms)
				TypeCache.ScanAssembly (0ms)
			BuildScriptInfoCaches (534ms)
			ResolveRequiredComponents (28ms)
	FinalizeReload (2456ms)
		ReleaseScriptCaches (0ms)
		RebuildScriptCaches (0ms)
		SetupLoadedEditorAssemblies (2020ms)
			LogAssemblyErrors (0ms)
			InitializePlatformSupportModulesInManaged (8ms)
			SetLoadedEditorAssemblies (23ms)
			BeforeProcessingInitializeOnLoad (597ms)
			ProcessInitializeOnLoadAttributes (1220ms)
			ProcessInitializeOnLoadMethodAttributes (163ms)
			AfterProcessingInitializeOnLoad (8ms)
			EditorAssembliesLoaded (1ms)
		ExecutionOrderSort2 (0ms)
		AwakeInstancesAfterBackupRestoration (37ms)
Refreshing native plugins compatible for Editor in 12.11 ms, found 5 plugins.
Preloading 0 native plugins for Editor in 0.00 ms.
Unloading 13 Unused Serialized files (Serialized files now loaded: 0)
Unloading 6987 unused Assets / (4.1 MB). Loaded Objects now: 7809.
Memory consumption went from 153.8 MB to 149.7 MB.
Total: 22.193900 ms (FindLiveObjects: 1.365000 ms CreateObjectMapping: 3.136300 ms MarkObjects: 12.985300 ms  DeleteObjects: 4.702700 ms)

Prepare: number of updated asset objects reloaded= 0
========================================================================
Received Prepare
Begin MonoManager ReloadAssembly
- Loaded All Assemblies, in  2.255 seconds
Refreshing native plugins compatible for Editor in 8.91 ms, found 5 plugins.
Native extension for WindowsStandalone target not found
[Package Manager] Failed to launch server process. Reason: Unity was launched with the -noUpm command-line argument
[Package Manager] Unable to send message (not connected to server process).
[Package Manager] Cannot connect to Unity Package Manager local server
Mono: successfully reloaded assembly
- Finished resetting the current domain, in  2.637 seconds
Domain Reload Profiling: 4895ms
	BeginReloadAssembly (538ms)
		ExecutionOrderSort (0ms)
		DisableScriptedObjects (51ms)
		BackupInstance (0ms)
		ReleaseScriptingObjects (0ms)
		CreateAndSetChildDomain (133ms)
	RebuildCommonClasses (81ms)
	RebuildNativeTypeToScriptingClass (25ms)
	initialDomainReloadingComplete (72ms)
	LoadAllAssembliesAndSetupDomain (1541ms)
		LoadAssemblies (1185ms)
		RebuildTransferFunctionScriptingTraits (0ms)
		AnalyzeDomain (592ms)
			TypeCache.Refresh (16ms)
				TypeCache.ScanAssembly (0ms)
			BuildScriptInfoCaches (539ms)
			ResolveRequiredComponents (27ms)
	FinalizeReload (2638ms)
		ReleaseScriptCaches (0ms)
		RebuildScriptCaches (0ms)
		SetupLoadedEditorAssemblies (2157ms)
			LogAssemblyErrors (0ms)
			InitializePlatformSupportModulesInManaged (6ms)
			SetLoadedEditorAssemblies (24ms)
			BeforeProcessingInitializeOnLoad (568ms)
			ProcessInitializeOnLoadAttributes (1309ms)
			ProcessInitializeOnLoadMethodAttributes (232ms)
			AfterProcessingInitializeOnLoad (18ms)
			EditorAssembliesLoaded (1ms)
		ExecutionOrderSort2 (0ms)
		AwakeInstancesAfterBackupRestoration (55ms)
Refreshing native plugins compatible for Editor in 22.61 ms, found 5 plugins.
Preloading 0 native plugins for Editor in 0.00 ms.
Unloading 13 Unused Serialized files (Serialized files now loaded: 0)
Unloading 6987 unused Assets / (5.5 MB). Loaded Objects now: 7812.
Memory consumption went from 153.8 MB to 148.3 MB.
Total: 34.043700 ms (FindLiveObjects: 2.291100 ms CreateObjectMapping: 3.926100 ms MarkObjects: 15.721400 ms  DeleteObjects: 12.100400 ms)

Prepare: number of updated asset objects reloaded= 0
========================================================================
Received Prepare
Begin MonoManager ReloadAssembly
- Loaded All Assemblies, in  5.268 seconds
Refreshing native plugins compatible for Editor in 17.87 ms, found 5 plugins.
Native extension for WindowsStandalone target not found
[Package Manager] Failed to launch server process. Reason: Unity was launched with the -noUpm command-line argument
[Package Manager] Unable to send message (not connected to server process).
[Package Manager] Cannot connect to Unity Package Manager local server
Mono: successfully reloaded assembly
- Finished resetting the current domain, in  4.713 seconds
Domain Reload Profiling: 9964ms
	BeginReloadAssembly (1463ms)
		ExecutionOrderSort (0ms)
		DisableScriptedObjects (127ms)
		BackupInstance (0ms)
		ReleaseScriptingObjects (1ms)
		CreateAndSetChildDomain (251ms)
	RebuildCommonClasses (265ms)
	RebuildNativeTypeToScriptingClass (103ms)
	initialDomainReloadingComplete (237ms)
	LoadAllAssembliesAndSetupDomain (3182ms)
		LoadAssemblies (2581ms)
		RebuildTransferFunctionScriptingTraits (0ms)
		AnalyzeDomain (1322ms)
			TypeCache.Refresh (30ms)
				TypeCache.ScanAssembly (0ms)
			BuildScriptInfoCaches (1184ms)
			ResolveRequiredComponents (80ms)
	FinalizeReload (4714ms)
		ReleaseScriptCaches (0ms)
		RebuildScriptCaches (0ms)
		SetupLoadedEditorAssemblies (3774ms)
			LogAssemblyErrors (0ms)
			InitializePlatformSupportModulesInManaged (15ms)
			SetLoadedEditorAssemblies (36ms)
			BeforeProcessingInitializeOnLoad (1249ms)
			ProcessInitializeOnLoadAttributes (2268ms)
			ProcessInitializeOnLoadMethodAttributes (188ms)
			AfterProcessingInitializeOnLoad (19ms)
			EditorAssembliesLoaded (1ms)
		ExecutionOrderSort2 (0ms)
		AwakeInstancesAfterBackupRestoration (57ms)
Refreshing native plugins compatible for Editor in 17.61 ms, found 5 plugins.
Preloading 0 native plugins for Editor in 0.00 ms.
Unloading 13 Unused Serialized files (Serialized files now loaded: 0)
Unloading 6987 unused Assets / (6.0 MB). Loaded Objects now: 7815.
Memory consumption went from 153.9 MB to 147.8 MB.
Total: 31.180700 ms (FindLiveObjects: 2.728200 ms CreateObjectMapping: 1.867400 ms MarkObjects: 15.412400 ms  DeleteObjects: 11.169200 ms)

Prepare: number of updated asset objects reloaded= 0
========================================================================
Received Prepare
Refreshing native plugins compatible for Editor in 9.76 ms, found 5 plugins.
Preloading 0 native plugins for Editor in 0.00 ms.
Unloading 13 Unused Serialized files (Serialized files now loaded: 0)
Unloading 6971 unused Assets / (4.5 MB). Loaded Objects now: 7815.
Memory consumption went from 153.9 MB to 149.5 MB.
Total: 72.105500 ms (FindLiveObjects: 4.656600 ms CreateObjectMapping: 11.186400 ms MarkObjects: 32.862400 ms  DeleteObjects: 23.395900 ms)

Prepare: number of updated asset objects reloaded= 0
========================================================================
Received Prepare
Begin MonoManager ReloadAssembly
- Loaded All Assemblies, in  2.701 seconds
Refreshing native plugins compatible for Editor in 12.73 ms, found 5 plugins.
Native extension for WindowsStandalone target not found
[Package Manager] Failed to launch server process. Reason: Unity was launched with the -noUpm command-line argument
[Package Manager] Unable to send message (not connected to server process).
[Package Manager] Cannot connect to Unity Package Manager local server
Mono: successfully reloaded assembly
- Finished resetting the current domain, in  2.178 seconds
Domain Reload Profiling: 4876ms
	BeginReloadAssembly (664ms)
		ExecutionOrderSort (0ms)
		DisableScriptedObjects (71ms)
		BackupInstance (0ms)
		ReleaseScriptingObjects (1ms)
		CreateAndSetChildDomain (191ms)
	RebuildCommonClasses (88ms)
	RebuildNativeTypeToScriptingClass (30ms)
	initialDomainReloadingComplete (86ms)
	LoadAllAssembliesAndSetupDomain (1828ms)
		LoadAssemblies (1346ms)
		RebuildTransferFunctionScriptingTraits (0ms)
		AnalyzeDomain (716ms)
			TypeCache.Refresh (32ms)
				TypeCache.ScanAssembly (1ms)
			BuildScriptInfoCaches (632ms)
			ResolveRequiredComponents (37ms)
	FinalizeReload (2180ms)
		ReleaseScriptCaches (0ms)
		RebuildScriptCaches (0ms)
		SetupLoadedEditorAssemblies (1702ms)
			LogAssemblyErrors (0ms)
			InitializePlatformSupportModulesInManaged (6ms)
			SetLoadedEditorAssemblies (20ms)
			BeforeProcessingInitializeOnLoad (481ms)
			ProcessInitializeOnLoadAttributes (1028ms)
			ProcessInitializeOnLoadMethodAttributes (157ms)
			AfterProcessingInitializeOnLoad (8ms)
			EditorAssembliesLoaded (1ms)
		ExecutionOrderSort2 (0ms)
		AwakeInstancesAfterBackupRestoration (35ms)
Refreshing native plugins compatible for Editor in 8.75 ms, found 5 plugins.
Preloading 0 native plugins for Editor in 0.00 ms.
Unloading 13 Unused Serialized files (Serialized files now loaded: 0)
Unloading 6987 unused Assets / (5.1 MB). Loaded Objects now: 7818.
Memory consumption went from 153.8 MB to 148.7 MB.
Total: 23.903900 ms (FindLiveObjects: 2.316300 ms CreateObjectMapping: 1.121100 ms MarkObjects: 13.475100 ms  DeleteObjects: 6.988400 ms)

Prepare: number of updated asset objects reloaded= 0
========================================================================
Received Prepare
Begin MonoManager ReloadAssembly
- Loaded All Assemblies, in  2.224 seconds
Refreshing native plugins compatible for Editor in 9.01 ms, found 5 plugins.
Native extension for WindowsStandalone target not found
[Package Manager] Failed to launch server process. Reason: Unity was launched with the -noUpm command-line argument
[Package Manager] Unable to send message (not connected to server process).
[Package Manager] Cannot connect to Unity Package Manager local server
Mono: successfully reloaded assembly
- Finished resetting the current domain, in  2.596 seconds
Domain Reload Profiling: 4817ms
	BeginReloadAssembly (575ms)
		ExecutionOrderSort (0ms)
		DisableScriptedObjects (39ms)
		BackupInstance (0ms)
		ReleaseScriptingObjects (0ms)
		CreateAndSetChildDomain (121ms)
	RebuildCommonClasses (91ms)
	RebuildNativeTypeToScriptingClass (31ms)
	initialDomainReloadingComplete (76ms)
	LoadAllAssembliesAndSetupDomain (1448ms)
		LoadAssemblies (1122ms)
		RebuildTransferFunctionScriptingTraits (0ms)
		AnalyzeDomain (595ms)
			TypeCache.Refresh (19ms)
				TypeCache.ScanAssembly (0ms)
			BuildScriptInfoCaches (530ms)
			ResolveRequiredComponents (34ms)
	FinalizeReload (2597ms)
		ReleaseScriptCaches (0ms)
		RebuildScriptCaches (0ms)
		SetupLoadedEditorAssemblies (2117ms)
			LogAssemblyErrors (0ms)
			InitializePlatformSupportModulesInManaged (7ms)
			SetLoadedEditorAssemblies (21ms)
			BeforeProcessingInitializeOnLoad (561ms)
			ProcessInitializeOnLoadAttributes (1262ms)
			ProcessInitializeOnLoadMethodAttributes (248ms)
			AfterProcessingInitializeOnLoad (17ms)
			EditorAssembliesLoaded (1ms)
		ExecutionOrderSort2 (0ms)
		AwakeInstancesAfterBackupRestoration (59ms)
Refreshing native plugins compatible for Editor in 12.03 ms, found 5 plugins.
Preloading 0 native plugins for Editor in 0.00 ms.
Unloading 13 Unused Serialized files (Serialized files now loaded: 0)
Unloading 6987 unused Assets / (5.2 MB). Loaded Objects now: 7821.
Memory consumption went from 153.9 MB to 148.7 MB.
Total: 27.723100 ms (FindLiveObjects: 2.895300 ms CreateObjectMapping: 2.486200 ms MarkObjects: 13.071300 ms  DeleteObjects: 9.266000 ms)

Prepare: number of updated asset objects reloaded= 0
========================================================================
Received Prepare
Begin MonoManager ReloadAssembly
- Loaded All Assemblies, in  1.979 seconds
Refreshing native plugins compatible for Editor in 9.21 ms, found 5 plugins.
Native extension for WindowsStandalone target not found
[Package Manager] Failed to launch server process. Reason: Unity was launched with the -noUpm command-line argument
[Package Manager] Unable to send message (not connected to server process).
[Package Manager] Cannot connect to Unity Package Manager local server
Mono: successfully reloaded assembly
- Finished resetting the current domain, in  2.352 seconds
Domain Reload Profiling: 4333ms
	BeginReloadAssembly (487ms)
		ExecutionOrderSort (0ms)
		DisableScriptedObjects (43ms)
		BackupInstance (0ms)
		ReleaseScriptingObjects (0ms)
		CreateAndSetChildDomain (117ms)
	RebuildCommonClasses (84ms)
	RebuildNativeTypeToScriptingClass (30ms)
	initialDomainReloadingComplete (73ms)
	LoadAllAssembliesAndSetupDomain (1306ms)
		LoadAssemblies (1000ms)
		RebuildTransferFunctionScriptingTraits (0ms)
		AnalyzeDomain (507ms)
			TypeCache.Refresh (18ms)
				TypeCache.ScanAssembly (0ms)
			BuildScriptInfoCaches (453ms)
			ResolveRequiredComponents (24ms)
	FinalizeReload (2353ms)
		ReleaseScriptCaches (0ms)
		RebuildScriptCaches (0ms)
		SetupLoadedEditorAssemblies (1941ms)
			LogAssemblyErrors (0ms)
			InitializePlatformSupportModulesInManaged (6ms)
			SetLoadedEditorAssemblies (22ms)
			BeforeProcessingInitializeOnLoad (550ms)
			ProcessInitializeOnLoadAttributes (1184ms)
			ProcessInitializeOnLoadMethodAttributes (170ms)
			AfterProcessingInitializeOnLoad (9ms)
			EditorAssembliesLoaded (1ms)
		ExecutionOrderSort2 (0ms)
		AwakeInstancesAfterBackupRestoration (42ms)
Refreshing native plugins compatible for Editor in 13.99 ms, found 5 plugins.
Preloading 0 native plugins for Editor in 0.00 ms.
Unloading 13 Unused Serialized files (Serialized files now loaded: 0)
Unloading 6987 unused Assets / (5.3 MB). Loaded Objects now: 7824.
Memory consumption went from 154.0 MB to 148.6 MB.
Total: 22.727100 ms (FindLiveObjects: 1.224100 ms CreateObjectMapping: 2.008500 ms MarkObjects: 12.555900 ms  DeleteObjects: 6.935200 ms)

Prepare: number of updated asset objects reloaded= 0
========================================================================
Received Prepare
Refreshing native plugins compatible for Editor in 10.95 ms, found 5 plugins.
Preloading 0 native plugins for Editor in 0.00 ms.
Unloading 13 Unused Serialized files (Serialized files now loaded: 0)
Unloading 6971 unused Assets / (5.1 MB). Loaded Objects now: 7824.
Memory consumption went from 154.1 MB to 149.0 MB.
Total: 28.763300 ms (FindLiveObjects: 2.044900 ms CreateObjectMapping: 2.771000 ms MarkObjects: 15.781700 ms  DeleteObjects: 8.161100 ms)

Prepare: number of updated asset objects reloaded= 0
========================================================================
Received Prepare
Begin MonoManager ReloadAssembly
- Loaded All Assemblies, in  2.086 seconds
Refreshing native plugins compatible for Editor in 12.52 ms, found 5 plugins.
Native extension for WindowsStandalone target not found
[Package Manager] Failed to launch server process. Reason: Unity was launched with the -noUpm command-line argument
[Package Manager] Unable to send message (not connected to server process).
[Package Manager] Cannot connect to Unity Package Manager local server
Mono: successfully reloaded assembly
- Finished resetting the current domain, in  2.376 seconds
Domain Reload Profiling: 4470ms
	BeginReloadAssembly (502ms)
		ExecutionOrderSort (0ms)
		DisableScriptedObjects (31ms)
		BackupInstance (0ms)
		ReleaseScriptingObjects (0ms)
		CreateAndSetChildDomain (100ms)
	RebuildCommonClasses (86ms)
	RebuildNativeTypeToScriptingClass (24ms)
	initialDomainReloadingComplete (67ms)
	LoadAllAssembliesAndSetupDomain (1413ms)
		LoadAssemblies (1066ms)
		RebuildTransferFunctionScriptingTraits (0ms)
		AnalyzeDomain (595ms)
			TypeCache.Refresh (28ms)
				TypeCache.ScanAssembly (1ms)
			BuildScriptInfoCaches (527ms)
			ResolveRequiredComponents (27ms)
	FinalizeReload (2378ms)
		ReleaseScriptCaches (0ms)
		RebuildScriptCaches (0ms)
		SetupLoadedEditorAssemblies (1944ms)
			LogAssemblyErrors (0ms)
			InitializePlatformSupportModulesInManaged (7ms)
			SetLoadedEditorAssemblies (19ms)
			BeforeProcessingInitializeOnLoad (631ms)
			ProcessInitializeOnLoadAttributes (1115ms)
			ProcessInitializeOnLoadMethodAttributes (155ms)
			AfterProcessingInitializeOnLoad (16ms)
			EditorAssembliesLoaded (1ms)
		ExecutionOrderSort2 (0ms)
		AwakeInstancesAfterBackupRestoration (33ms)
Refreshing native plugins compatible for Editor in 5.75 ms, found 5 plugins.
Preloading 0 native plugins for Editor in 0.00 ms.
Unloading 13 Unused Serialized files (Serialized files now loaded: 0)
Unloading 6987 unused Assets / (4.5 MB). Loaded Objects now: 7827.
Memory consumption went from 154.0 MB to 149.5 MB.
Total: 17.572200 ms (FindLiveObjects: 1.947900 ms CreateObjectMapping: 0.798600 ms MarkObjects: 9.332100 ms  DeleteObjects: 5.490900 ms)

Prepare: number of updated asset objects reloaded= 0
========================================================================
Received Prepare
Begin MonoManager ReloadAssembly
- Loaded All Assemblies, in  2.111 seconds
Refreshing native plugins compatible for Editor in 6.97 ms, found 5 plugins.
Native extension for WindowsStandalone target not found
[Package Manager] Failed to launch server process. Reason: Unity was launched with the -noUpm command-line argument
[Package Manager] Unable to send message (not connected to server process).
[Package Manager] Cannot connect to Unity Package Manager local server
Mono: successfully reloaded assembly
- Finished resetting the current domain, in  2.604 seconds
Domain Reload Profiling: 4722ms
	BeginReloadAssembly (505ms)
		ExecutionOrderSort (0ms)
		DisableScriptedObjects (39ms)
		BackupInstance (0ms)
		ReleaseScriptingObjects (0ms)
		CreateAndSetChildDomain (127ms)
	RebuildCommonClasses (87ms)
	RebuildNativeTypeToScriptingClass (24ms)
	initialDomainReloadingComplete (76ms)
	LoadAllAssembliesAndSetupDomain (1424ms)
		LoadAssemblies (1025ms)
		RebuildTransferFunctionScriptingTraits (0ms)
		AnalyzeDomain (605ms)
			TypeCache.Refresh (21ms)
				TypeCache.ScanAssembly (0ms)
			BuildScriptInfoCaches (544ms)
			ResolveRequiredComponents (28ms)
	FinalizeReload (2606ms)
		ReleaseScriptCaches (0ms)
		RebuildScriptCaches (0ms)
		SetupLoadedEditorAssemblies (2149ms)
			LogAssemblyErrors (0ms)
			InitializePlatformSupportModulesInManaged (9ms)
			SetLoadedEditorAssemblies (22ms)
			BeforeProcessingInitializeOnLoad (588ms)
			ProcessInitializeOnLoadAttributes (1263ms)
			ProcessInitializeOnLoadMethodAttributes (248ms)
			AfterProcessingInitializeOnLoad (18ms)
			EditorAssembliesLoaded (1ms)
		ExecutionOrderSort2 (0ms)
		AwakeInstancesAfterBackupRestoration (45ms)
Refreshing native plugins compatible for Editor in 12.54 ms, found 5 plugins.
Preloading 0 native plugins for Editor in 0.00 ms.
Unloading 13 Unused Serialized files (Serialized files now loaded: 0)
Unloading 6987 unused Assets / (5.3 MB). Loaded Objects now: 7830.
Memory consumption went from 154.0 MB to 148.7 MB.
Total: 26.443800 ms (FindLiveObjects: 2.320700 ms CreateObjectMapping: 1.155300 ms MarkObjects: 14.540200 ms  DeleteObjects: 8.423700 ms)

Prepare: number of updated asset objects reloaded= 0
========================================================================
Received Import Request.
  Time since last request: 1503.718627 seconds.
  path: Assets/Scripts/Game Manager/SaveManager.cs
  artifactKey: Guid(2741944912402e043b4fedc229a09616) Importer(815301076,1909f56bfc062723c751e8b465ee728b)
Start importing Assets/Scripts/Game Manager/SaveManager.cs using Guid(2741944912402e043b4fedc229a09616) Importer(815301076,1909f56bfc062723c751e8b465ee728b) (PreviewImporter) -> (artifact id: '7f7f69e14ff4c219317c9d93f475e71c') in 0.0568851 seconds
Number of updated asset objects reloaded before import = 0Number of asset objects unloaded after import = 0

========================================================================
Received Import Request.
  Time since last request: 5.965454 seconds.
  path: Assets/Scripts/Game Manager/GameData.cs
  artifactKey: Guid(a038f674cc4c48448949bf491eec076d) Importer(815301076,1909f56bfc062723c751e8b465ee728b)
Start importing Assets/Scripts/Game Manager/GameData.cs using Guid(a038f674cc4c48448949bf491eec076d) Importer(815301076,1909f56bfc062723c751e8b465ee728b) (PreviewImporter) -> (artifact id: '3c3288897edfb25e5af6150dd9dfaaa0') in 0.0035854 seconds
Number of updated asset objects reloaded before import = 0Number of asset objects unloaded after import = 0

========================================================================
Received Prepare
Begin MonoManager ReloadAssembly
- Loaded All Assemblies, in  2.196 seconds
Refreshing native plugins compatible for Editor in 10.19 ms, found 5 plugins.
Native extension for WindowsStandalone target not found
[Package Manager] Failed to launch server process. Reason: Unity was launched with the -noUpm command-line argument
[Package Manager] Unable to send message (not connected to server process).
[Package Manager] Cannot connect to Unity Package Manager local server
Mono: successfully reloaded assembly
- Finished resetting the current domain, in  2.618 seconds
Domain Reload Profiling: 4813ms
	BeginReloadAssembly (554ms)
		ExecutionOrderSort (0ms)
		DisableScriptedObjects (38ms)
		BackupInstance (0ms)
		ReleaseScriptingObjects (0ms)
		CreateAndSetChildDomain (138ms)
	RebuildCommonClasses (97ms)
	RebuildNativeTypeToScriptingClass (24ms)
	initialDomainReloadingComplete (59ms)
	LoadAllAssembliesAndSetupDomain (1459ms)
		LoadAssemblies (1118ms)
		RebuildTransferFunctionScriptingTraits (0ms)
		AnalyzeDomain (593ms)
			TypeCache.Refresh (23ms)
				TypeCache.ScanAssembly (0ms)
			BuildScriptInfoCaches (533ms)
			ResolveRequiredComponents (24ms)
	FinalizeReload (2620ms)
		ReleaseScriptCaches (0ms)
		RebuildScriptCaches (0ms)
		SetupLoadedEditorAssemblies (2129ms)
			LogAssemblyErrors (0ms)
			InitializePlatformSupportModulesInManaged (6ms)
			SetLoadedEditorAssemblies (16ms)
			BeforeProcessingInitializeOnLoad (598ms)
			ProcessInitializeOnLoadAttributes (1265ms)
			ProcessInitializeOnLoadMethodAttributes (227ms)
			AfterProcessingInitializeOnLoad (16ms)
			EditorAssembliesLoaded (1ms)
		ExecutionOrderSort2 (0ms)
		AwakeInstancesAfterBackupRestoration (73ms)
Refreshing native plugins compatible for Editor in 11.41 ms, found 5 plugins.
Preloading 0 native plugins for Editor in 0.00 ms.
Unloading 13 Unused Serialized files (Serialized files now loaded: 0)
Unloading 6987 unused Assets / (5.4 MB). Loaded Objects now: 7833.
Memory consumption went from 154.0 MB to 148.6 MB.
Total: 28.091500 ms (FindLiveObjects: 1.402800 ms CreateObjectMapping: 1.616500 ms MarkObjects: 15.120800 ms  DeleteObjects: 9.947300 ms)

Prepare: number of updated asset objects reloaded= 0
========================================================================
Received Prepare
Begin MonoManager ReloadAssembly
- Loaded All Assemblies, in  2.038 seconds
Refreshing native plugins compatible for Editor in 4.80 ms, found 5 plugins.
Native extension for WindowsStandalone target not found
[Package Manager] Failed to launch server process. Reason: Unity was launched with the -noUpm command-line argument
[Package Manager] Unable to send message (not connected to server process).
[Package Manager] Cannot connect to Unity Package Manager local server
Mono: successfully reloaded assembly
- Finished resetting the current domain, in  2.354 seconds
Domain Reload Profiling: 4396ms
	BeginReloadAssembly (478ms)
		ExecutionOrderSort (0ms)
		DisableScriptedObjects (31ms)
		BackupInstance (0ms)
		ReleaseScriptingObjects (0ms)
		CreateAndSetChildDomain (107ms)
	RebuildCommonClasses (91ms)
	RebuildNativeTypeToScriptingClass (30ms)
	initialDomainReloadingComplete (78ms)
	LoadAllAssembliesAndSetupDomain (1363ms)
		LoadAssemblies (1084ms)
		RebuildTransferFunctionScriptingTraits (0ms)
		AnalyzeDomain (505ms)
			TypeCache.Refresh (19ms)
				TypeCache.ScanAssembly (0ms)
			BuildScriptInfoCaches (437ms)
			ResolveRequiredComponents (35ms)
	FinalizeReload (2355ms)
		ReleaseScriptCaches (0ms)
		RebuildScriptCaches (0ms)
		SetupLoadedEditorAssemblies (1954ms)
			LogAssemblyErrors (0ms)
			InitializePlatformSupportModulesInManaged (6ms)
			SetLoadedEditorAssemblies (20ms)
			BeforeProcessingInitializeOnLoad (598ms)
			ProcessInitializeOnLoadAttributes (1109ms)
			ProcessInitializeOnLoadMethodAttributes (204ms)
			AfterProcessingInitializeOnLoad (17ms)
			EditorAssembliesLoaded (1ms)
		ExecutionOrderSort2 (0ms)
		AwakeInstancesAfterBackupRestoration (44ms)
Refreshing native plugins compatible for Editor in 11.35 ms, found 5 plugins.
Preloading 0 native plugins for Editor in 0.00 ms.
Unloading 13 Unused Serialized files (Serialized files now loaded: 0)
Unloading 6987 unused Assets / (4.5 MB). Loaded Objects now: 7836.
Memory consumption went from 154.1 MB to 149.6 MB.
Total: 23.824700 ms (FindLiveObjects: 2.418600 ms CreateObjectMapping: 2.435900 ms MarkObjects: 12.027800 ms  DeleteObjects: 6.938800 ms)

Prepare: number of updated asset objects reloaded= 0
========================================================================
Received Import Request.
  Time since last request: 141.742301 seconds.
  path: Assets/Scenes/MainCasinoFloor.unity
  artifactKey: Guid(837bf0afdc4a32645ac0d8f5fe7d61b6) Importer(815301076,1909f56bfc062723c751e8b465ee728b)
Start importing Assets/Scenes/MainCasinoFloor.unity using Guid(837bf0afdc4a32645ac0d8f5fe7d61b6) Importer(815301076,1909f56bfc062723c751e8b465ee728b) (PreviewImporter) -> (artifact id: '9a861db7ffaa8e9b3c78b273d5bbbc0d') in 0.0095298 seconds
Number of updated asset objects reloaded before import = 0Number of asset objects unloaded after import = 0

========================================================================
Received Prepare
Begin MonoManager ReloadAssembly
- Loaded All Assemblies, in  2.137 seconds
Refreshing native plugins compatible for Editor in 9.81 ms, found 5 plugins.
Native extension for WindowsStandalone target not found
[Package Manager] Failed to launch server process. Reason: Unity was launched with the -noUpm command-line argument
[Package Manager] Unable to send message (not connected to server process).
[Package Manager] Cannot connect to Unity Package Manager local server
Mono: successfully reloaded assembly
- Finished resetting the current domain, in  2.487 seconds
Domain Reload Profiling: 4630ms
	BeginReloadAssembly (543ms)
		ExecutionOrderSort (0ms)
		DisableScriptedObjects (33ms)
		BackupInstance (0ms)
		ReleaseScriptingObjects (1ms)
		CreateAndSetChildDomain (121ms)
	RebuildCommonClasses (75ms)
	RebuildNativeTypeToScriptingClass (34ms)
	initialDomainReloadingComplete (72ms)
	LoadAllAssembliesAndSetupDomain (1417ms)
		LoadAssemblies (1083ms)
		RebuildTransferFunctionScriptingTraits (0ms)
		AnalyzeDomain (584ms)
			TypeCache.Refresh (19ms)
				TypeCache.ScanAssembly (0ms)
			BuildScriptInfoCaches (522ms)
			ResolveRequiredComponents (30ms)
	FinalizeReload (2489ms)
		ReleaseScriptCaches (0ms)
		RebuildScriptCaches (0ms)
		SetupLoadedEditorAssemblies (2056ms)
			LogAssemblyErrors (0ms)
			InitializePlatformSupportModulesInManaged (6ms)
			SetLoadedEditorAssemblies (21ms)
			BeforeProcessingInitializeOnLoad (616ms)
			ProcessInitializeOnLoadAttributes (1274ms)
			ProcessInitializeOnLoadMethodAttributes (131ms)
			AfterProcessingInitializeOnLoad (7ms)
			EditorAssembliesLoaded (1ms)
		ExecutionOrderSort2 (0ms)
		AwakeInstancesAfterBackupRestoration (31ms)
Refreshing native plugins compatible for Editor in 5.07 ms, found 5 plugins.
Preloading 0 native plugins for Editor in 0.00 ms.
Unloading 13 Unused Serialized files (Serialized files now loaded: 0)
Unloading 6987 unused Assets / (5.0 MB). Loaded Objects now: 7839.
Memory consumption went from 154.1 MB to 149.2 MB.
Total: 21.348200 ms (FindLiveObjects: 1.991800 ms CreateObjectMapping: 1.505300 ms MarkObjects: 10.382200 ms  DeleteObjects: 7.465800 ms)

Prepare: number of updated asset objects reloaded= 0
========================================================================
Received Import Request.
  Time since last request: 399.472212 seconds.
  path: Assets/Scenes/MainCasinoFloor.unity
  artifactKey: Guid(837bf0afdc4a32645ac0d8f5fe7d61b6) Importer(815301076,1909f56bfc062723c751e8b465ee728b)
Start importing Assets/Scenes/MainCasinoFloor.unity using Guid(837bf0afdc4a32645ac0d8f5fe7d61b6) Importer(815301076,1909f56bfc062723c751e8b465ee728b) (PreviewImporter) -> (artifact id: '99748a1c22edbedf0f8a53b13eb87c21') in 0.0130583 seconds
Number of updated asset objects reloaded before import = 0Number of asset objects unloaded after import = 0

========================================================================
Received Prepare
Begin MonoManager ReloadAssembly
- Loaded All Assemblies, in  4.451 seconds
Refreshing native plugins compatible for Editor in 16.62 ms, found 5 plugins.
Native extension for WindowsStandalone target not found
[Package Manager] Failed to launch server process. Reason: Unity was launched with the -noUpm command-line argument
[Package Manager] Unable to send message (not connected to server process).
[Package Manager] Cannot connect to Unity Package Manager local server
Mono: successfully reloaded assembly
- Finished resetting the current domain, in  6.028 seconds
Domain Reload Profiling: 10483ms
	BeginReloadAssembly (1058ms)
		ExecutionOrderSort (0ms)
		DisableScriptedObjects (66ms)
		BackupInstance (0ms)
		ReleaseScriptingObjects (1ms)
		CreateAndSetChildDomain (198ms)
	RebuildCommonClasses (155ms)
	RebuildNativeTypeToScriptingClass (42ms)
	initialDomainReloadingComplete (142ms)
	LoadAllAssembliesAndSetupDomain (3055ms)
		LoadAssemblies (2522ms)
		RebuildTransferFunctionScriptingTraits (0ms)
		AnalyzeDomain (1109ms)
			TypeCache.Refresh (33ms)
				TypeCache.ScanAssembly (0ms)
			BuildScriptInfoCaches (992ms)
			ResolveRequiredComponents (58ms)
	FinalizeReload (6031ms)
		ReleaseScriptCaches (0ms)
		RebuildScriptCaches (0ms)
		SetupLoadedEditorAssemblies (5075ms)
			LogAssemblyErrors (0ms)
			InitializePlatformSupportModulesInManaged (20ms)
			SetLoadedEditorAssemblies (37ms)
			BeforeProcessingInitializeOnLoad (1456ms)
			ProcessInitializeOnLoadAttributes (2800ms)
			ProcessInitializeOnLoadMethodAttributes (689ms)
			AfterProcessingInitializeOnLoad (70ms)
			EditorAssembliesLoaded (3ms)
		ExecutionOrderSort2 (0ms)
		AwakeInstancesAfterBackupRestoration (97ms)
Refreshing native plugins compatible for Editor in 32.78 ms, found 5 plugins.
Preloading 0 native plugins for Editor in 0.00 ms.
Unloading 13 Unused Serialized files (Serialized files now loaded: 0)
Unloading 6987 unused Assets / (5.0 MB). Loaded Objects now: 7842.
Memory consumption went from 154.2 MB to 149.2 MB.
Total: 50.574900 ms (FindLiveObjects: 3.845600 ms CreateObjectMapping: 5.466500 ms MarkObjects: 26.887600 ms  DeleteObjects: 14.367400 ms)

Prepare: number of updated asset objects reloaded= 0
========================================================================
Received Import Request.
  Time since last request: 263.100968 seconds.
  path: Assets/Scenes/MainCasinoFloor.unity
  artifactKey: Guid(837bf0afdc4a32645ac0d8f5fe7d61b6) Importer(815301076,1909f56bfc062723c751e8b465ee728b)
Start importing Assets/Scenes/MainCasinoFloor.unity using Guid(837bf0afdc4a32645ac0d8f5fe7d61b6) Importer(815301076,1909f56bfc062723c751e8b465ee728b) (PreviewImporter) -> (artifact id: 'e56a0d218ecf4254aee1e9b22e5dffa3') in 0.012839 seconds
Number of updated asset objects reloaded before import = 0Number of asset objects unloaded after import = 0

========================================================================
Received Prepare
Begin MonoManager ReloadAssembly
- Loaded All Assemblies, in  3.751 seconds
Refreshing native plugins compatible for Editor in 17.25 ms, found 5 plugins.
Native extension for WindowsStandalone target not found
[Package Manager] Failed to launch server process. Reason: Unity was launched with the -noUpm command-line argument
[Package Manager] Unable to send message (not connected to server process).
[Package Manager] Cannot connect to Unity Package Manager local server
Mono: successfully reloaded assembly
- Finished resetting the current domain, in  4.950 seconds
Domain Reload Profiling: 8719ms
	BeginReloadAssembly (889ms)
		ExecutionOrderSort (0ms)
		DisableScriptedObjects (59ms)
		BackupInstance (0ms)
		ReleaseScriptingObjects (1ms)
		CreateAndSetChildDomain (157ms)
	RebuildCommonClasses (159ms)
	RebuildNativeTypeToScriptingClass (56ms)
	initialDomainReloadingComplete (121ms)
	LoadAllAssembliesAndSetupDomain (2541ms)
		LoadAssemblies (2061ms)
		RebuildTransferFunctionScriptingTraits (0ms)
		AnalyzeDomain (910ms)
			TypeCache.Refresh (30ms)
				TypeCache.ScanAssembly (0ms)
			BuildScriptInfoCaches (787ms)
			ResolveRequiredComponents (63ms)
	FinalizeReload (4952ms)
		ReleaseScriptCaches (0ms)
		RebuildScriptCaches (0ms)
		SetupLoadedEditorAssemblies (4178ms)
			LogAssemblyErrors (0ms)
			InitializePlatformSupportModulesInManaged (8ms)
			SetLoadedEditorAssemblies (25ms)
			BeforeProcessingInitializeOnLoad (1060ms)
			ProcessInitializeOnLoadAttributes (2570ms)
			ProcessInitializeOnLoadMethodAttributes (486ms)
			AfterProcessingInitializeOnLoad (28ms)
			EditorAssembliesLoaded (2ms)
		ExecutionOrderSort2 (0ms)
		AwakeInstancesAfterBackupRestoration (104ms)
Refreshing native plugins compatible for Editor in 22.77 ms, found 5 plugins.
Preloading 0 native plugins for Editor in 0.00 ms.
Unloading 13 Unused Serialized files (Serialized files now loaded: 0)
Unloading 6987 unused Assets / (5.9 MB). Loaded Objects now: 7845.
Memory consumption went from 154.2 MB to 148.4 MB.
Total: 43.027500 ms (FindLiveObjects: 2.406600 ms CreateObjectMapping: 2.318700 ms MarkObjects: 23.392500 ms  DeleteObjects: 14.902500 ms)

Prepare: number of updated asset objects reloaded= 0
========================================================================
Received Import Request.
  Time since last request: 162.361808 seconds.
  path: Assets/Art/Characters/casino dealer.png
  artifactKey: Guid(17fc7db3cf0cb424ea188d4d9a6753cd) Importer(815301076,1909f56bfc062723c751e8b465ee728b)
Start importing Assets/Art/Characters/casino dealer.png using Guid(17fc7db3cf0cb424ea188d4d9a6753cd) Importer(815301076,1909f56bfc062723c751e8b465ee728b) (PreviewImporter) -> (artifact id: 'be925649c178ba12158b8da735f425e8') in 0.384694 seconds
Number of updated asset objects reloaded before import = 0Number of asset objects unloaded after import = 3

========================================================================
Received Prepare
Begin MonoManager ReloadAssembly
- Loaded All Assemblies, in  3.928 seconds
Refreshing native plugins compatible for Editor in 16.71 ms, found 5 plugins.
Native extension for WindowsStandalone target not found
[Package Manager] Failed to launch server process. Reason: Unity was launched with the -noUpm command-line argument
[Package Manager] Unable to send message (not connected to server process).
[Package Manager] Cannot connect to Unity Package Manager local server
Mono: successfully reloaded assembly
- Finished resetting the current domain, in  5.117 seconds
Domain Reload Profiling: 9044ms
	BeginReloadAssembly (959ms)
		ExecutionOrderSort (0ms)
		DisableScriptedObjects (78ms)
		BackupInstance (0ms)
		ReleaseScriptingObjects (1ms)
		CreateAndSetChildDomain (208ms)
	RebuildCommonClasses (149ms)
	RebuildNativeTypeToScriptingClass (50ms)
	initialDomainReloadingComplete (128ms)
	LoadAllAssembliesAndSetupDomain (2638ms)
		LoadAssemblies (2115ms)
		RebuildTransferFunctionScriptingTraits (0ms)
		AnalyzeDomain (950ms)
			TypeCache.Refresh (34ms)
				TypeCache.ScanAssembly (0ms)
			BuildScriptInfoCaches (861ms)
			ResolveRequiredComponents (38ms)
	FinalizeReload (5119ms)
		ReleaseScriptCaches (0ms)
		RebuildScriptCaches (0ms)
		SetupLoadedEditorAssemblies (4041ms)
			LogAssemblyErrors (0ms)
			InitializePlatformSupportModulesInManaged (14ms)
			SetLoadedEditorAssemblies (48ms)
			BeforeProcessingInitializeOnLoad (1205ms)
			ProcessInitializeOnLoadAttributes (2295ms)
			ProcessInitializeOnLoadMethodAttributes (450ms)
			AfterProcessingInitializeOnLoad (27ms)
			EditorAssembliesLoaded (2ms)
		ExecutionOrderSort2 (0ms)
		AwakeInstancesAfterBackupRestoration (98ms)
Refreshing native plugins compatible for Editor in 16.63 ms, found 5 plugins.
Preloading 0 native plugins for Editor in 0.00 ms.
Unloading 13 Unused Serialized files (Serialized files now loaded: 0)
Unloading 6987 unused Assets / (5.6 MB). Loaded Objects now: 7850.
Memory consumption went from 154.2 MB to 148.7 MB.
Total: 44.048400 ms (FindLiveObjects: 3.739800 ms CreateObjectMapping: 3.804900 ms MarkObjects: 22.154600 ms  DeleteObjects: 14.341400 ms)

Prepare: number of updated asset objects reloaded= 0
========================================================================
Received Prepare
Begin MonoManager ReloadAssembly
- Loaded All Assemblies, in  3.824 seconds
Refreshing native plugins compatible for Editor in 14.94 ms, found 5 plugins.
Native extension for WindowsStandalone target not found
[Package Manager] Failed to launch server process. Reason: Unity was launched with the -noUpm command-line argument
[Package Manager] Unable to send message (not connected to server process).
[Package Manager] Cannot connect to Unity Package Manager local server
Mono: successfully reloaded assembly
- Finished resetting the current domain, in  4.717 seconds
Domain Reload Profiling: 8541ms
	BeginReloadAssembly (928ms)
		ExecutionOrderSort (0ms)
		DisableScriptedObjects (92ms)
		BackupInstance (0ms)
		ReleaseScriptingObjects (1ms)
		CreateAndSetChildDomain (177ms)
	RebuildCommonClasses (131ms)
	RebuildNativeTypeToScriptingClass (36ms)
	initialDomainReloadingComplete (124ms)
	LoadAllAssembliesAndSetupDomain (2604ms)
		LoadAssemblies (1969ms)
		RebuildTransferFunctionScriptingTraits (0ms)
		AnalyzeDomain (1068ms)
			TypeCache.Refresh (28ms)
				TypeCache.ScanAssembly (0ms)
			BuildScriptInfoCaches (981ms)
			ResolveRequiredComponents (41ms)
	FinalizeReload (4718ms)
		ReleaseScriptCaches (0ms)
		RebuildScriptCaches (0ms)
		SetupLoadedEditorAssemblies (3896ms)
			LogAssemblyErrors (0ms)
			InitializePlatformSupportModulesInManaged (20ms)
			SetLoadedEditorAssemblies (44ms)
			BeforeProcessingInitializeOnLoad (1157ms)
			ProcessInitializeOnLoadAttributes (2204ms)
			ProcessInitializeOnLoadMethodAttributes (435ms)
			AfterProcessingInitializeOnLoad (33ms)
			EditorAssembliesLoaded (2ms)
		ExecutionOrderSort2 (0ms)
		AwakeInstancesAfterBackupRestoration (119ms)
Refreshing native plugins compatible for Editor in 26.30 ms, found 5 plugins.
Preloading 0 native plugins for Editor in 0.00 ms.
Unloading 13 Unused Serialized files (Serialized files now loaded: 0)
Unloading 6987 unused Assets / (5.3 MB). Loaded Objects now: 7853.
Memory consumption went from 154.3 MB to 149.0 MB.
Total: 47.165800 ms (FindLiveObjects: 2.786200 ms CreateObjectMapping: 2.466700 ms MarkObjects: 25.077200 ms  DeleteObjects: 16.829100 ms)

Prepare: number of updated asset objects reloaded= 0
========================================================================
Received Import Request.
  Time since last request: 354.422322 seconds.
  path: Assets/Scenes/MainCasinoFloor.unity
  artifactKey: Guid(837bf0afdc4a32645ac0d8f5fe7d61b6) Importer(815301076,1909f56bfc062723c751e8b465ee728b)
Start importing Assets/Scenes/MainCasinoFloor.unity using Guid(837bf0afdc4a32645ac0d8f5fe7d61b6) Importer(815301076,1909f56bfc062723c751e8b465ee728b) (PreviewImporter) -> (artifact id: 'c492417d204d669d360f1c39eb9f1735') in 0.0155801 seconds
Number of updated asset objects reloaded before import = 0Number of asset objects unloaded after import = 0

========================================================================
Received Prepare
Begin MonoManager ReloadAssembly
- Loaded All Assemblies, in  3.673 seconds
Refreshing native plugins compatible for Editor in 9.10 ms, found 5 plugins.
Native extension for WindowsStandalone target not found
[Package Manager] Failed to launch server process. Reason: Unity was launched with the -noUpm command-line argument
[Package Manager] Unable to send message (not connected to server process).
[Package Manager] Cannot connect to Unity Package Manager local server
Mono: successfully reloaded assembly
- Finished resetting the current domain, in  4.892 seconds
Domain Reload Profiling: 8564ms
	BeginReloadAssembly (1004ms)
		ExecutionOrderSort (0ms)
		DisableScriptedObjects (83ms)
		BackupInstance (0ms)
		ReleaseScriptingObjects (1ms)
		CreateAndSetChildDomain (204ms)
	RebuildCommonClasses (187ms)
	RebuildNativeTypeToScriptingClass (59ms)
	initialDomainReloadingComplete (130ms)
	LoadAllAssembliesAndSetupDomain (2288ms)
		LoadAssemblies (1843ms)
		RebuildTransferFunctionScriptingTraits (0ms)
		AnalyzeDomain (912ms)
			TypeCache.Refresh (28ms)
				TypeCache.ScanAssembly (0ms)
			BuildScriptInfoCaches (819ms)
			ResolveRequiredComponents (48ms)
	FinalizeReload (4896ms)
		ReleaseScriptCaches (0ms)
		RebuildScriptCaches (0ms)
		SetupLoadedEditorAssemblies (4022ms)
			LogAssemblyErrors (0ms)
			InitializePlatformSupportModulesInManaged (15ms)
			SetLoadedEditorAssemblies (38ms)
			BeforeProcessingInitializeOnLoad (1088ms)
			ProcessInitializeOnLoadAttributes (2380ms)
			ProcessInitializeOnLoadMethodAttributes (468ms)
			AfterProcessingInitializeOnLoad (31ms)
			EditorAssembliesLoaded (2ms)
		ExecutionOrderSort2 (0ms)
		AwakeInstancesAfterBackupRestoration (98ms)
Refreshing native plugins compatible for Editor in 18.08 ms, found 5 plugins.
Preloading 0 native plugins for Editor in 0.00 ms.
Unloading 13 Unused Serialized files (Serialized files now loaded: 0)
Unloading 6987 unused Assets / (5.0 MB). Loaded Objects now: 7856.
Memory consumption went from 154.4 MB to 149.4 MB.
Total: 42.625100 ms (FindLiveObjects: 3.878200 ms CreateObjectMapping: 3.689600 ms MarkObjects: 23.955900 ms  DeleteObjects: 11.095200 ms)

Prepare: number of updated asset objects reloaded= 0
========================================================================
Received Prepare
Begin MonoManager ReloadAssembly
- Loaded All Assemblies, in  3.429 seconds
Refreshing native plugins compatible for Editor in 10.41 ms, found 5 plugins.
Native extension for WindowsStandalone target not found
[Package Manager] Failed to launch server process. Reason: Unity was launched with the -noUpm command-line argument
[Package Manager] Unable to send message (not connected to server process).
[Package Manager] Cannot connect to Unity Package Manager local server
Mono: successfully reloaded assembly
- Finished resetting the current domain, in  4.647 seconds
Domain Reload Profiling: 8084ms
	BeginReloadAssembly (810ms)
		ExecutionOrderSort (0ms)
		DisableScriptedObjects (71ms)
		BackupInstance (0ms)
		ReleaseScriptingObjects (1ms)
		CreateAndSetChildDomain (189ms)
	RebuildCommonClasses (120ms)
	RebuildNativeTypeToScriptingClass (47ms)
	initialDomainReloadingComplete (106ms)
	LoadAllAssembliesAndSetupDomain (2351ms)
		LoadAssemblies (1776ms)
		RebuildTransferFunctionScriptingTraits (0ms)
		AnalyzeDomain (912ms)
			TypeCache.Refresh (25ms)
				TypeCache.ScanAssembly (0ms)
			BuildScriptInfoCaches (817ms)
			ResolveRequiredComponents (50ms)
	FinalizeReload (4650ms)
		ReleaseScriptCaches (0ms)
		RebuildScriptCaches (0ms)
		SetupLoadedEditorAssemblies (3859ms)
			LogAssemblyErrors (0ms)
			InitializePlatformSupportModulesInManaged (10ms)
			SetLoadedEditorAssemblies (22ms)
			BeforeProcessingInitializeOnLoad (1082ms)
			ProcessInitializeOnLoadAttributes (2255ms)
			ProcessInitializeOnLoadMethodAttributes (451ms)
			AfterProcessingInitializeOnLoad (37ms)
			EditorAssembliesLoaded (2ms)
		ExecutionOrderSort2 (0ms)
		AwakeInstancesAfterBackupRestoration (117ms)
Refreshing native plugins compatible for Editor in 19.29 ms, found 5 plugins.
Preloading 0 native plugins for Editor in 0.00 ms.
Unloading 13 Unused Serialized files (Serialized files now loaded: 0)
Unloading 6987 unused Assets / (5.5 MB). Loaded Objects now: 7859.
Memory consumption went from 154.4 MB to 148.9 MB.
Total: 45.860000 ms (FindLiveObjects: 3.297500 ms CreateObjectMapping: 3.737000 ms MarkObjects: 25.351300 ms  DeleteObjects: 13.467900 ms)

Prepare: number of updated asset objects reloaded= 0
========================================================================
Received Prepare
Begin MonoManager ReloadAssembly
- Loaded All Assemblies, in  3.422 seconds
Refreshing native plugins compatible for Editor in 12.00 ms, found 5 plugins.
Native extension for WindowsStandalone target not found
[Package Manager] Failed to launch server process. Reason: Unity was launched with the -noUpm command-line argument
[Package Manager] Unable to send message (not connected to server process).
[Package Manager] Cannot connect to Unity Package Manager local server
Mono: successfully reloaded assembly
- Finished resetting the current domain, in  4.376 seconds
Domain Reload Profiling: 7804ms
	BeginReloadAssembly (844ms)
		ExecutionOrderSort (0ms)
		DisableScriptedObjects (61ms)
		BackupInstance (0ms)
		ReleaseScriptingObjects (1ms)
		CreateAndSetChildDomain (189ms)
	RebuildCommonClasses (142ms)
	RebuildNativeTypeToScriptingClass (47ms)
	initialDomainReloadingComplete (112ms)
	LoadAllAssembliesAndSetupDomain (2279ms)
		LoadAssemblies (1836ms)
		RebuildTransferFunctionScriptingTraits (0ms)
		AnalyzeDomain (865ms)
			TypeCache.Refresh (31ms)
				TypeCache.ScanAssembly (0ms)
			BuildScriptInfoCaches (778ms)
			ResolveRequiredComponents (39ms)
	FinalizeReload (4379ms)
		ReleaseScriptCaches (0ms)
		RebuildScriptCaches (0ms)
		SetupLoadedEditorAssemblies (3601ms)
			LogAssemblyErrors (0ms)
			InitializePlatformSupportModulesInManaged (8ms)
			SetLoadedEditorAssemblies (19ms)
			BeforeProcessingInitializeOnLoad (973ms)
			ProcessInitializeOnLoadAttributes (2201ms)
			ProcessInitializeOnLoadMethodAttributes (374ms)
			AfterProcessingInitializeOnLoad (23ms)
			EditorAssembliesLoaded (2ms)
		ExecutionOrderSort2 (0ms)
		AwakeInstancesAfterBackupRestoration (102ms)
Refreshing native plugins compatible for Editor in 22.45 ms, found 5 plugins.
Preloading 0 native plugins for Editor in 0.00 ms.
Unloading 13 Unused Serialized files (Serialized files now loaded: 0)
Unloading 6987 unused Assets / (5.6 MB). Loaded Objects now: 7862.
Memory consumption went from 154.4 MB to 148.8 MB.
Total: 45.237900 ms (FindLiveObjects: 2.279600 ms CreateObjectMapping: 2.314300 ms MarkObjects: 24.575400 ms  DeleteObjects: 16.061200 ms)

Prepare: number of updated asset objects reloaded= 0
========================================================================
Received Prepare
Begin MonoManager ReloadAssembly
- Loaded All Assemblies, in  3.313 seconds
Refreshing native plugins compatible for Editor in 18.97 ms, found 5 plugins.
Native extension for WindowsStandalone target not found
[Package Manager] Failed to launch server process. Reason: Unity was launched with the -noUpm command-line argument
[Package Manager] Unable to send message (not connected to server process).
[Package Manager] Cannot connect to Unity Package Manager local server
Mono: successfully reloaded assembly
- Finished resetting the current domain, in  9.861 seconds
Domain Reload Profiling: 13181ms
	BeginReloadAssembly (883ms)
		ExecutionOrderSort (0ms)
		DisableScriptedObjects (71ms)
		BackupInstance (0ms)
		ReleaseScriptingObjects (1ms)
		CreateAndSetChildDomain (186ms)
	RebuildCommonClasses (130ms)
	RebuildNativeTypeToScriptingClass (49ms)
	initialDomainReloadingComplete (113ms)
	LoadAllAssembliesAndSetupDomain (2142ms)
		LoadAssemblies (1706ms)
		RebuildTransferFunctionScriptingTraits (0ms)
		AnalyzeDomain (846ms)
			TypeCache.Refresh (24ms)
				TypeCache.ScanAssembly (0ms)
			BuildScriptInfoCaches (755ms)
			ResolveRequiredComponents (43ms)
	FinalizeReload (9865ms)
		ReleaseScriptCaches (0ms)
		RebuildScriptCaches (0ms)
		SetupLoadedEditorAssemblies (9094ms)
			LogAssemblyErrors (0ms)
			InitializePlatformSupportModulesInManaged (8ms)
			SetLoadedEditorAssemblies (25ms)
			BeforeProcessingInitializeOnLoad (952ms)
			ProcessInitializeOnLoadAttributes (7629ms)
			ProcessInitializeOnLoadMethodAttributes (440ms)
			AfterProcessingInitializeOnLoad (37ms)
			EditorAssembliesLoaded (3ms)
		ExecutionOrderSort2 (0ms)
		AwakeInstancesAfterBackupRestoration (101ms)
Refreshing native plugins compatible for Editor in 18.84 ms, found 5 plugins.
Preloading 0 native plugins for Editor in 0.00 ms.
Unloading 13 Unused Serialized files (Serialized files now loaded: 0)
Unloading 6987 unused Assets / (5.6 MB). Loaded Objects now: 7865.
Memory consumption went from 154.4 MB to 148.8 MB.
Total: 50.426000 ms (FindLiveObjects: 2.398800 ms CreateObjectMapping: 3.407600 ms MarkObjects: 27.458200 ms  DeleteObjects: 17.154400 ms)

Prepare: number of updated asset objects reloaded= 0
========================================================================
Received Import Request.
  Time since last request: 342.002687 seconds.
  path: Assets/Art/UI/casino inventory icon.png
  artifactKey: Guid(1eba3580aab11c84dba0219f9d268f2c) Importer(815301076,1909f56bfc062723c751e8b465ee728b)
Start importing Assets/Art/UI/casino inventory icon.png using Guid(1eba3580aab11c84dba0219f9d268f2c) Importer(815301076,1909f56bfc062723c751e8b465ee728b) (PreviewImporter) -> (artifact id: 'ed38367f54caa16bd8fcbc3c35c1de08') in 0.2944658 seconds
Number of updated asset objects reloaded before import = 0Number of asset objects unloaded after import = 3

========================================================================
Received Import Request.
  Time since last request: 1.499858 seconds.
  path: Assets/Art/UI/casino quest icon.png
  artifactKey: Guid(65d0e8671a0ee744f8cf99282c3ff150) Importer(815301076,1909f56bfc062723c751e8b465ee728b)
Start importing Assets/Art/UI/casino quest icon.png using Guid(65d0e8671a0ee744f8cf99282c3ff150) Importer(815301076,1909f56bfc062723c751e8b465ee728b) (PreviewImporter) -> (artifact id: 'd4f1d91bac8a17d884fb3fa7819f4b84') in 0.0775622 seconds
Number of updated asset objects reloaded before import = 0Number of asset objects unloaded after import = 3

========================================================================
Received Import Request.
  Time since last request: 77.536708 seconds.
  path: Assets/Scenes/EntranceLobby.unity
  artifactKey: Guid(c5579fba33cb8ba4697aea1b38897024) Importer(815301076,1909f56bfc062723c751e8b465ee728b)
Start importing Assets/Scenes/EntranceLobby.unity using Guid(c5579fba33cb8ba4697aea1b38897024) Importer(815301076,1909f56bfc062723c751e8b465ee728b) (PreviewImporter) -> (artifact id: '6d1893a9d6db5e89dc66b04a05af5022') in 0.0055401 seconds
Number of updated asset objects reloaded before import = 0Number of asset objects unloaded after import = 0

========================================================================
Received Import Request.
  Time since last request: 8.403949 seconds.
  path: Assets/Scenes/SampleScene.unity
  artifactKey: Guid(8c9cfa26abfee488c85f1582747f6a02) Importer(815301076,1909f56bfc062723c751e8b465ee728b)
Start importing Assets/Scenes/SampleScene.unity using Guid(8c9cfa26abfee488c85f1582747f6a02) Importer(815301076,1909f56bfc062723c751e8b465ee728b) (PreviewImporter) -> (artifact id: '4356a4e0efafe2da4e825d4a5b22b180') in 0.0021108 seconds
Number of updated asset objects reloaded before import = 0Number of asset objects unloaded after import = 0

========================================================================
Received Import Request.
  Time since last request: 32.975902 seconds.
  path: Assets/ScriptableObjects/Quests
  artifactKey: Guid(d6f80616e34716a418a51ecab16124b9) Importer(815301076,1909f56bfc062723c751e8b465ee728b)
Start importing Assets/ScriptableObjects/Quests using Guid(d6f80616e34716a418a51ecab16124b9) Importer(815301076,1909f56bfc062723c751e8b465ee728b) (PreviewImporter) -> (artifact id: '873145f4b7b4b62f0ecf79ed69079b22') in 0.0153459 seconds
Number of updated asset objects reloaded before import = 0Number of asset objects unloaded after import = 0

========================================================================
Received Import Request.
  Time since last request: 471.678798 seconds.
  path: Assets/Scripts/Back Office
  artifactKey: Guid(41a8301590712ae43aaf53229d4db5bb) Importer(815301076,1909f56bfc062723c751e8b465ee728b)
Start importing Assets/Scripts/Back Office using Guid(41a8301590712ae43aaf53229d4db5bb) Importer(815301076,1909f56bfc062723c751e8b465ee728b) (PreviewImporter) -> (artifact id: 'efe9a7cae60bcaf221d3090067625bd5') in 0.0038613 seconds
Number of updated asset objects reloaded before import = 0Number of asset objects unloaded after import = 0

========================================================================
Received Prepare
Refreshing native plugins compatible for Editor in 206.33 ms, found 5 plugins.
Preloading 0 native plugins for Editor in 0.00 ms.
Unloading 13 Unused Serialized files (Serialized files now loaded: 0)
Unloading 6972 unused Assets / (5.0 MB). Loaded Objects now: 7871.
Memory consumption went from 154.7 MB to 149.6 MB.
Total: 362.371100 ms (FindLiveObjects: 14.411100 ms CreateObjectMapping: 134.544700 ms MarkObjects: 102.900100 ms  DeleteObjects: 110.506100 ms)

Prepare: number of updated asset objects reloaded= 0
========================================================================
Received Import Request.
  Time since last request: 26.741074 seconds.
  path: Assets/Scripts/Back Office/BackOfficeController.cs
  artifactKey: Guid(2fb7263b66fcea04cbc044bd29c2c650) Importer(815301076,1909f56bfc062723c751e8b465ee728b)
Start importing Assets/Scripts/Back Office/BackOfficeController.cs using Guid(2fb7263b66fcea04cbc044bd29c2c650) Importer(815301076,1909f56bfc062723c751e8b465ee728b) (PreviewImporter) -> (artifact id: '86d895e0d1992bbcf51cc718ab22474a') in 0.0091221 seconds
Number of updated asset objects reloaded before import = 0Number of asset objects unloaded after import = 0

========================================================================
Received Prepare
Refreshing native plugins compatible for Editor in 25.61 ms, found 5 plugins.
Preloading 0 native plugins for Editor in 0.00 ms.
Unloading 13 Unused Serialized files (Serialized files now loaded: 0)
Unloading 6972 unused Assets / (5.5 MB). Loaded Objects now: 7871.
Memory consumption went from 154.7 MB to 149.1 MB.
Total: 73.934400 ms (FindLiveObjects: 9.007900 ms CreateObjectMapping: 6.140300 ms MarkObjects: 39.614400 ms  DeleteObjects: 19.163100 ms)

Prepare: number of updated asset objects reloaded= 0
========================================================================
Received Import Request.
  Time since last request: 37.167649 seconds.
  path: Assets/Scripts/Back Office/BackOfficeController.cs
  artifactKey: Guid(2fb7263b66fcea04cbc044bd29c2c650) Importer(815301076,1909f56bfc062723c751e8b465ee728b)
Start importing Assets/Scripts/Back Office/BackOfficeController.cs using Guid(2fb7263b66fcea04cbc044bd29c2c650) Importer(815301076,1909f56bfc062723c751e8b465ee728b) (PreviewImporter) -> (artifact id: '32ef879ddb7813cdd860161fb3440cca') in 0.011574 seconds
Number of updated asset objects reloaded before import = 0Number of asset objects unloaded after import = 0

========================================================================
Received Prepare
Begin MonoManager ReloadAssembly
- Loaded All Assemblies, in  5.985 seconds
Refreshing native plugins compatible for Editor in 13.59 ms, found 5 plugins.
Native extension for WindowsStandalone target not found
[Package Manager] Failed to launch server process. Reason: Unity was launched with the -noUpm command-line argument
[Package Manager] Unable to send message (not connected to server process).
[Package Manager] Cannot connect to Unity Package Manager local server
Mono: successfully reloaded assembly
- Finished resetting the current domain, in  4.368 seconds
Domain Reload Profiling: 10361ms
	BeginReloadAssembly (1389ms)
		ExecutionOrderSort (0ms)
		DisableScriptedObjects (150ms)
		BackupInstance (0ms)
		ReleaseScriptingObjects (1ms)
		CreateAndSetChildDomain (390ms)
	RebuildCommonClasses (149ms)
	RebuildNativeTypeToScriptingClass (46ms)
	initialDomainReloadingComplete (135ms)
	LoadAllAssembliesAndSetupDomain (4270ms)
		LoadAssemblies (3448ms)
		RebuildTransferFunctionScriptingTraits (0ms)
		AnalyzeDomain (1401ms)
			TypeCache.Refresh (74ms)
				TypeCache.ScanAssembly (2ms)
			BuildScriptInfoCaches (1239ms)
			ResolveRequiredComponents (55ms)
	FinalizeReload (4372ms)
		ReleaseScriptCaches (0ms)
		RebuildScriptCaches (0ms)
		SetupLoadedEditorAssemblies (3483ms)
			LogAssemblyErrors (0ms)
			InitializePlatformSupportModulesInManaged (9ms)
			SetLoadedEditorAssemblies (28ms)
			BeforeProcessingInitializeOnLoad (938ms)
			ProcessInitializeOnLoadAttributes (2167ms)
			ProcessInitializeOnLoadMethodAttributes (312ms)
			AfterProcessingInitializeOnLoad (23ms)
			EditorAssembliesLoaded (4ms)
		ExecutionOrderSort2 (0ms)
		AwakeInstancesAfterBackupRestoration (95ms)
Refreshing native plugins compatible for Editor in 16.73 ms, found 5 plugins.
Preloading 0 native plugins for Editor in 0.00 ms.
Unloading 13 Unused Serialized files (Serialized files now loaded: 0)
Unloading 6988 unused Assets / (5.4 MB). Loaded Objects now: 7873.
Memory consumption went from 154.5 MB to 149.1 MB.
Total: 49.848600 ms (FindLiveObjects: 2.573900 ms CreateObjectMapping: 3.200100 ms MarkObjects: 26.770300 ms  DeleteObjects: 17.295900 ms)

Prepare: number of updated asset objects reloaded= 0
========================================================================
Received Import Request.
  Time since last request: 43.440706 seconds.
  path: Assets/Scripts/Back Office/BackOfficeController.cs
  artifactKey: Guid(2fb7263b66fcea04cbc044bd29c2c650) Importer(815301076,1909f56bfc062723c751e8b465ee728b)
Start importing Assets/Scripts/Back Office/BackOfficeController.cs using Guid(2fb7263b66fcea04cbc044bd29c2c650) Importer(815301076,1909f56bfc062723c751e8b465ee728b) (PreviewImporter) -> (artifact id: '1ecfd6842cf3b967b6f5b9089f0cae5e') in 0.014388 seconds
Number of updated asset objects reloaded before import = 0Number of asset objects unloaded after import = 0

========================================================================
Received Prepare
Refreshing native plugins compatible for Editor in 35.00 ms, found 5 plugins.
Preloading 0 native plugins for Editor in 0.00 ms.
Unloading 13 Unused Serialized files (Serialized files now loaded: 0)
Unloading 6972 unused Assets / (4.6 MB). Loaded Objects now: 7873.
Memory consumption went from 154.6 MB to 150.0 MB.
Total: 59.431200 ms (FindLiveObjects: 4.098400 ms CreateObjectMapping: 3.596800 ms MarkObjects: 35.167800 ms  DeleteObjects: 16.557800 ms)

Prepare: number of updated asset objects reloaded= 0
========================================================================
Received Import Request.
  Time since last request: 455.278398 seconds.
  path: Assets/Scripts/Back Office/BackOfficeController.cs
  artifactKey: Guid(2fb7263b66fcea04cbc044bd29c2c650) Importer(815301076,1909f56bfc062723c751e8b465ee728b)
Start importing Assets/Scripts/Back Office/BackOfficeController.cs using Guid(2fb7263b66fcea04cbc044bd29c2c650) Importer(815301076,1909f56bfc062723c751e8b465ee728b) (PreviewImporter) -> (artifact id: '68a47849f4894ca071d9de2e1c7f9b99') in 0.0089296 seconds
Number of updated asset objects reloaded before import = 0Number of asset objects unloaded after import = 0

========================================================================
Received Prepare
Begin MonoManager ReloadAssembly
- Loaded All Assemblies, in  4.165 seconds
Refreshing native plugins compatible for Editor in 18.81 ms, found 5 plugins.
Native extension for WindowsStandalone target not found
[Package Manager] Failed to launch server process. Reason: Unity was launched with the -noUpm command-line argument
[Package Manager] Unable to send message (not connected to server process).
[Package Manager] Cannot connect to Unity Package Manager local server
Mono: successfully reloaded assembly
- Finished resetting the current domain, in  4.404 seconds
Domain Reload Profiling: 8577ms
	BeginReloadAssembly (1063ms)
		ExecutionOrderSort (0ms)
		DisableScriptedObjects (70ms)
		BackupInstance (0ms)
		ReleaseScriptingObjects (1ms)
		CreateAndSetChildDomain (237ms)
	RebuildCommonClasses (137ms)
	RebuildNativeTypeToScriptingClass (38ms)
	initialDomainReloadingComplete (122ms)
	LoadAllAssembliesAndSetupDomain (2810ms)
		LoadAssemblies (2218ms)
		RebuildTransferFunctionScriptingTraits (0ms)
		AnalyzeDomain (1079ms)
			TypeCache.Refresh (41ms)
				TypeCache.ScanAssembly (1ms)
			BuildScriptInfoCaches (960ms)
			ResolveRequiredComponents (51ms)
	FinalizeReload (4406ms)
		ReleaseScriptCaches (0ms)
		RebuildScriptCaches (0ms)
		SetupLoadedEditorAssemblies (3574ms)
			LogAssemblyErrors (0ms)
			InitializePlatformSupportModulesInManaged (11ms)
			SetLoadedEditorAssemblies (62ms)
			BeforeProcessingInitializeOnLoad (1025ms)
			ProcessInitializeOnLoadAttributes (2058ms)
			ProcessInitializeOnLoadMethodAttributes (389ms)
			AfterProcessingInitializeOnLoad (29ms)
			EditorAssembliesLoaded (1ms)
		ExecutionOrderSort2 (0ms)
		AwakeInstancesAfterBackupRestoration (84ms)
Refreshing native plugins compatible for Editor in 11.50 ms, found 5 plugins.
Preloading 0 native plugins for Editor in 0.00 ms.
Unloading 13 Unused Serialized files (Serialized files now loaded: 0)
Unloading 6988 unused Assets / (4.7 MB). Loaded Objects now: 7876.
Memory consumption went from 154.6 MB to 149.8 MB.
Total: 24.142200 ms (FindLiveObjects: 1.741600 ms CreateObjectMapping: 1.679500 ms MarkObjects: 13.767800 ms  DeleteObjects: 6.947400 ms)

Prepare: number of updated asset objects reloaded= 0
========================================================================
Received Prepare
Begin MonoManager ReloadAssembly
- Loaded All Assemblies, in  5.796 seconds
Refreshing native plugins compatible for Editor in 16.39 ms, found 5 plugins.
Native extension for WindowsStandalone target not found
[Package Manager] Failed to launch server process. Reason: Unity was launched with the -noUpm command-line argument
[Package Manager] Unable to send message (not connected to server process).
[Package Manager] Cannot connect to Unity Package Manager local server
Mono: successfully reloaded assembly
- Finished resetting the current domain, in  3.434 seconds
Domain Reload Profiling: 9248ms
	BeginReloadAssembly (1412ms)
		ExecutionOrderSort (0ms)
		DisableScriptedObjects (211ms)
		BackupInstance (0ms)
		ReleaseScriptingObjects (2ms)
		CreateAndSetChildDomain (465ms)
	RebuildCommonClasses (140ms)
	RebuildNativeTypeToScriptingClass (49ms)
	initialDomainReloadingComplete (124ms)
	LoadAllAssembliesAndSetupDomain (4087ms)
		LoadAssemblies (2911ms)
		RebuildTransferFunctionScriptingTraits (0ms)
		AnalyzeDomain (1573ms)
			TypeCache.Refresh (92ms)
				TypeCache.ScanAssembly (0ms)
			BuildScriptInfoCaches (1416ms)
			ResolveRequiredComponents (45ms)
	FinalizeReload (3436ms)
		ReleaseScriptCaches (0ms)
		RebuildScriptCaches (0ms)
		SetupLoadedEditorAssemblies (2740ms)
			LogAssemblyErrors (0ms)
			InitializePlatformSupportModulesInManaged (11ms)
			SetLoadedEditorAssemblies (30ms)
			BeforeProcessingInitializeOnLoad (717ms)
			ProcessInitializeOnLoadAttributes (1640ms)
			ProcessInitializeOnLoadMethodAttributes (311ms)
			AfterProcessingInitializeOnLoad (28ms)
			EditorAssembliesLoaded (2ms)
		ExecutionOrderSort2 (0ms)
		AwakeInstancesAfterBackupRestoration (61ms)
Refreshing native plugins compatible for Editor in 13.78 ms, found 5 plugins.
Preloading 0 native plugins for Editor in 0.00 ms.
Unloading 13 Unused Serialized files (Serialized files now loaded: 0)
Unloading 6988 unused Assets / (5.2 MB). Loaded Objects now: 7879.
Memory consumption went from 154.6 MB to 149.4 MB.
Total: 23.254200 ms (FindLiveObjects: 1.639200 ms CreateObjectMapping: 1.364000 ms MarkObjects: 12.703300 ms  DeleteObjects: 7.538600 ms)

Prepare: number of updated asset objects reloaded= 0
========================================================================
Received Prepare
Begin MonoManager ReloadAssembly
- Loaded All Assemblies, in  2.123 seconds
Refreshing native plugins compatible for Editor in 5.41 ms, found 5 plugins.
Native extension for WindowsStandalone target not found
[Package Manager] Failed to launch server process. Reason: Unity was launched with the -noUpm command-line argument
[Package Manager] Unable to send message (not connected to server process).
[Package Manager] Cannot connect to Unity Package Manager local server
Mono: successfully reloaded assembly
- Finished resetting the current domain, in  2.437 seconds
Domain Reload Profiling: 4556ms
	BeginReloadAssembly (537ms)
		ExecutionOrderSort (0ms)
		DisableScriptedObjects (42ms)
		BackupInstance (0ms)
		ReleaseScriptingObjects (0ms)
		CreateAndSetChildDomain (124ms)
	RebuildCommonClasses (79ms)
	RebuildNativeTypeToScriptingClass (24ms)
	initialDomainReloadingComplete (84ms)
	LoadAllAssembliesAndSetupDomain (1394ms)
		LoadAssemblies (1153ms)
		RebuildTransferFunctionScriptingTraits (0ms)
		AnalyzeDomain (487ms)
			TypeCache.Refresh (20ms)
				TypeCache.ScanAssembly (0ms)
			BuildScriptInfoCaches (427ms)
			ResolveRequiredComponents (28ms)
	FinalizeReload (2438ms)
		ReleaseScriptCaches (0ms)
		RebuildScriptCaches (0ms)
		SetupLoadedEditorAssemblies (1986ms)
			LogAssemblyErrors (0ms)
			InitializePlatformSupportModulesInManaged (7ms)
			SetLoadedEditorAssemblies (20ms)
			BeforeProcessingInitializeOnLoad (602ms)
			ProcessInitializeOnLoadAttributes (1165ms)
			ProcessInitializeOnLoadMethodAttributes (174ms)
			AfterProcessingInitializeOnLoad (16ms)
			EditorAssembliesLoaded (1ms)
		ExecutionOrderSort2 (0ms)
		AwakeInstancesAfterBackupRestoration (45ms)
Refreshing native plugins compatible for Editor in 16.75 ms, found 5 plugins.
Preloading 0 native plugins for Editor in 0.00 ms.
Unloading 13 Unused Serialized files (Serialized files now loaded: 0)
Unloading 6988 unused Assets / (5.1 MB). Loaded Objects now: 7882.
Memory consumption went from 154.6 MB to 149.5 MB.
Total: 29.339500 ms (FindLiveObjects: 2.189600 ms CreateObjectMapping: 2.464900 ms MarkObjects: 14.204600 ms  DeleteObjects: 10.476800 ms)

Prepare: number of updated asset objects reloaded= 0
========================================================================
Received Prepare
Begin MonoManager ReloadAssembly
- Loaded All Assemblies, in  1.968 seconds
Refreshing native plugins compatible for Editor in 7.53 ms, found 5 plugins.
Native extension for WindowsStandalone target not found
[Package Manager] Failed to launch server process. Reason: Unity was launched with the -noUpm command-line argument
[Package Manager] Unable to send message (not connected to server process).
[Package Manager] Cannot connect to Unity Package Manager local server
Mono: successfully reloaded assembly
- Finished resetting the current domain, in  2.177 seconds
Domain Reload Profiling: 4144ms
	BeginReloadAssembly (467ms)
		ExecutionOrderSort (0ms)
		DisableScriptedObjects (36ms)
		BackupInstance (0ms)
		ReleaseScriptingObjects (0ms)
		CreateAndSetChildDomain (113ms)
	RebuildCommonClasses (74ms)
	RebuildNativeTypeToScriptingClass (34ms)
	initialDomainReloadingComplete (77ms)
	LoadAllAssembliesAndSetupDomain (1313ms)
		LoadAssemblies (1013ms)
		RebuildTransferFunctionScriptingTraits (0ms)
		AnalyzeDomain (508ms)
			TypeCache.Refresh (20ms)
				TypeCache.ScanAssembly (0ms)
			BuildScriptInfoCaches (451ms)
			ResolveRequiredComponents (24ms)
	FinalizeReload (2179ms)
		ReleaseScriptCaches (0ms)
		RebuildScriptCaches (0ms)
		SetupLoadedEditorAssemblies (1797ms)
			LogAssemblyErrors (0ms)
			InitializePlatformSupportModulesInManaged (4ms)
			SetLoadedEditorAssemblies (21ms)
			BeforeProcessingInitializeOnLoad (506ms)
			ProcessInitializeOnLoadAttributes (1088ms)
			ProcessInitializeOnLoadMethodAttributes (166ms)
			AfterProcessingInitializeOnLoad (11ms)
			EditorAssembliesLoaded (1ms)
		ExecutionOrderSort2 (0ms)
		AwakeInstancesAfterBackupRestoration (46ms)
Refreshing native plugins compatible for Editor in 10.62 ms, found 5 plugins.
Preloading 0 native plugins for Editor in 0.00 ms.
Unloading 13 Unused Serialized files (Serialized files now loaded: 0)
Unloading 6988 unused Assets / (6.0 MB). Loaded Objects now: 7885.
Memory consumption went from 154.6 MB to 148.6 MB.
Total: 24.939200 ms (FindLiveObjects: 2.131200 ms CreateObjectMapping: 2.329200 ms MarkObjects: 10.804000 ms  DeleteObjects: 9.671000 ms)

Prepare: number of updated asset objects reloaded= 0
========================================================================
Received Prepare
Begin MonoManager ReloadAssembly
- Loaded All Assemblies, in  1.990 seconds
Refreshing native plugins compatible for Editor in 9.21 ms, found 5 plugins.
Native extension for WindowsStandalone target not found
[Package Manager] Failed to launch server process. Reason: Unity was launched with the -noUpm command-line argument
[Package Manager] Unable to send message (not connected to server process).
[Package Manager] Cannot connect to Unity Package Manager local server
Mono: successfully reloaded assembly
- Finished resetting the current domain, in  2.150 seconds
Domain Reload Profiling: 4148ms
	BeginReloadAssembly (514ms)
		ExecutionOrderSort (0ms)
		DisableScriptedObjects (43ms)
		BackupInstance (0ms)
		ReleaseScriptingObjects (0ms)
		CreateAndSetChildDomain (122ms)
	RebuildCommonClasses (70ms)
	RebuildNativeTypeToScriptingClass (22ms)
	initialDomainReloadingComplete (65ms)
	LoadAllAssembliesAndSetupDomain (1325ms)
		LoadAssemblies (962ms)
		RebuildTransferFunctionScriptingTraits (0ms)
		AnalyzeDomain (568ms)
			TypeCache.Refresh (17ms)
				TypeCache.ScanAssembly (0ms)
			BuildScriptInfoCaches (514ms)
			ResolveRequiredComponents (25ms)
	FinalizeReload (2152ms)
		ReleaseScriptCaches (0ms)
		RebuildScriptCaches (0ms)
		SetupLoadedEditorAssemblies (1709ms)
			LogAssemblyErrors (0ms)
			InitializePlatformSupportModulesInManaged (5ms)
			SetLoadedEditorAssemblies (17ms)
			BeforeProcessingInitializeOnLoad (510ms)
			ProcessInitializeOnLoadAttributes (997ms)
			ProcessInitializeOnLoadMethodAttributes (172ms)
			AfterProcessingInitializeOnLoad (8ms)
			EditorAssembliesLoaded (1ms)
		ExecutionOrderSort2 (0ms)
		AwakeInstancesAfterBackupRestoration (45ms)
Refreshing native plugins compatible for Editor in 6.98 ms, found 5 plugins.
Preloading 0 native plugins for Editor in 0.00 ms.
Unloading 13 Unused Serialized files (Serialized files now loaded: 0)
Unloading 6988 unused Assets / (5.5 MB). Loaded Objects now: 7888.
Memory consumption went from 154.7 MB to 149.3 MB.
Total: 18.399400 ms (FindLiveObjects: 1.970200 ms CreateObjectMapping: 0.678600 ms MarkObjects: 9.088800 ms  DeleteObjects: 6.659000 ms)

Prepare: number of updated asset objects reloaded= 0
========================================================================
Received Prepare
Begin MonoManager ReloadAssembly
- Loaded All Assemblies, in  1.973 seconds
Refreshing native plugins compatible for Editor in 6.93 ms, found 5 plugins.
Native extension for WindowsStandalone target not found
[Package Manager] Failed to launch server process. Reason: Unity was launched with the -noUpm command-line argument
[Package Manager] Unable to send message (not connected to server process).
[Package Manager] Cannot connect to Unity Package Manager local server
Mono: successfully reloaded assembly
- Finished resetting the current domain, in  2.250 seconds
Domain Reload Profiling: 4222ms
	BeginReloadAssembly (456ms)
		ExecutionOrderSort (0ms)
		DisableScriptedObjects (46ms)
		BackupInstance (0ms)
		ReleaseScriptingObjects (0ms)
		CreateAndSetChildDomain (105ms)
	RebuildCommonClasses (104ms)
	RebuildNativeTypeToScriptingClass (21ms)
	initialDomainReloadingComplete (73ms)
	LoadAllAssembliesAndSetupDomain (1317ms)
		LoadAssemblies (945ms)
		RebuildTransferFunctionScriptingTraits (0ms)
		AnalyzeDomain (562ms)
			TypeCache.Refresh (15ms)
				TypeCache.ScanAssembly (0ms)
			BuildScriptInfoCaches (509ms)
			ResolveRequiredComponents (27ms)
	FinalizeReload (2251ms)
		ReleaseScriptCaches (0ms)
		RebuildScriptCaches (0ms)
		SetupLoadedEditorAssemblies (1846ms)
			LogAssemblyErrors (0ms)
			InitializePlatformSupportModulesInManaged (4ms)
			SetLoadedEditorAssemblies (17ms)
			BeforeProcessingInitializeOnLoad (481ms)
			ProcessInitializeOnLoadAttributes (1126ms)
			ProcessInitializeOnLoadMethodAttributes (209ms)
			AfterProcessingInitializeOnLoad (9ms)
			EditorAssembliesLoaded (1ms)
		ExecutionOrderSort2 (0ms)
		AwakeInstancesAfterBackupRestoration (47ms)
Refreshing native plugins compatible for Editor in 13.86 ms, found 5 plugins.
Preloading 0 native plugins for Editor in 0.00 ms.
Unloading 13 Unused Serialized files (Serialized files now loaded: 0)
Unloading 6988 unused Assets / (5.6 MB). Loaded Objects now: 7891.
Memory consumption went from 154.8 MB to 149.2 MB.
Total: 34.537500 ms (FindLiveObjects: 2.162200 ms CreateObjectMapping: 3.551900 ms MarkObjects: 17.915500 ms  DeleteObjects: 10.903700 ms)

Prepare: number of updated asset objects reloaded= 0
========================================================================
Received Prepare
Begin MonoManager ReloadAssembly
- Loaded All Assemblies, in  1.981 seconds
Refreshing native plugins compatible for Editor in 7.58 ms, found 5 plugins.
Native extension for WindowsStandalone target not found
[Package Manager] Failed to launch server process. Reason: Unity was launched with the -noUpm command-line argument
[Package Manager] Unable to send message (not connected to server process).
[Package Manager] Cannot connect to Unity Package Manager local server
Mono: successfully reloaded assembly
- Finished resetting the current domain, in  2.261 seconds
Domain Reload Profiling: 4242ms
	BeginReloadAssembly (471ms)
		ExecutionOrderSort (0ms)
		DisableScriptedObjects (32ms)
		BackupInstance (0ms)
		ReleaseScriptingObjects (0ms)
		CreateAndSetChildDomain (115ms)
	RebuildCommonClasses (77ms)
	RebuildNativeTypeToScriptingClass (34ms)
	initialDomainReloadingComplete (67ms)
	LoadAllAssembliesAndSetupDomain (1331ms)
		LoadAssemblies (990ms)
		RebuildTransferFunctionScriptingTraits (0ms)
		AnalyzeDomain (553ms)
			TypeCache.Refresh (21ms)
				TypeCache.ScanAssembly (0ms)
			BuildScriptInfoCaches (498ms)
			ResolveRequiredComponents (24ms)
	FinalizeReload (2262ms)
		ReleaseScriptCaches (0ms)
		RebuildScriptCaches (0ms)
		SetupLoadedEditorAssemblies (1839ms)
			LogAssemblyErrors (0ms)
			InitializePlatformSupportModulesInManaged (7ms)
			SetLoadedEditorAssemblies (19ms)
			BeforeProcessingInitializeOnLoad (472ms)
			ProcessInitializeOnLoadAttributes (1105ms)
			ProcessInitializeOnLoadMethodAttributes (218ms)
			AfterProcessingInitializeOnLoad (18ms)
			EditorAssembliesLoaded (1ms)
		ExecutionOrderSort2 (0ms)
		AwakeInstancesAfterBackupRestoration (51ms)
Refreshing native plugins compatible for Editor in 5.86 ms, found 5 plugins.
Preloading 0 native plugins for Editor in 0.00 ms.
Unloading 13 Unused Serialized files (Serialized files now loaded: 0)
Unloading 6988 unused Assets / (5.1 MB). Loaded Objects now: 7894.
Memory consumption went from 154.8 MB to 149.7 MB.
Total: 20.169300 ms (FindLiveObjects: 1.279900 ms CreateObjectMapping: 1.086300 ms MarkObjects: 10.620400 ms  DeleteObjects: 7.179100 ms)

Prepare: number of updated asset objects reloaded= 0
========================================================================
Received Prepare
Begin MonoManager ReloadAssembly
- Loaded All Assemblies, in  1.854 seconds
Refreshing native plugins compatible for Editor in 3.59 ms, found 5 plugins.
Native extension for WindowsStandalone target not found
[Package Manager] Failed to launch server process. Reason: Unity was launched with the -noUpm command-line argument
[Package Manager] Unable to send message (not connected to server process).
[Package Manager] Cannot connect to Unity Package Manager local server
Mono: successfully reloaded assembly
- Finished resetting the current domain, in  2.163 seconds
Domain Reload Profiling: 4022ms
	BeginReloadAssembly (486ms)
		ExecutionOrderSort (0ms)
		DisableScriptedObjects (32ms)
		BackupInstance (0ms)
		ReleaseScriptingObjects (0ms)
		CreateAndSetChildDomain (121ms)
	RebuildCommonClasses (86ms)
	RebuildNativeTypeToScriptingClass (19ms)
	initialDomainReloadingComplete (65ms)
	LoadAllAssembliesAndSetupDomain (1202ms)
		LoadAssemblies (921ms)
		RebuildTransferFunctionScriptingTraits (0ms)
		AnalyzeDomain (493ms)
			TypeCache.Refresh (15ms)
				TypeCache.ScanAssembly (0ms)
			BuildScriptInfoCaches (445ms)
			ResolveRequiredComponents (21ms)
	FinalizeReload (2165ms)
		ReleaseScriptCaches (0ms)
		RebuildScriptCaches (0ms)
		SetupLoadedEditorAssemblies (1770ms)
			LogAssemblyErrors (0ms)
			InitializePlatformSupportModulesInManaged (7ms)
			SetLoadedEditorAssemblies (16ms)
			BeforeProcessingInitializeOnLoad (488ms)
			ProcessInitializeOnLoadAttributes (1091ms)
			ProcessInitializeOnLoadMethodAttributes (154ms)
			AfterProcessingInitializeOnLoad (13ms)
			EditorAssembliesLoaded (1ms)
		ExecutionOrderSort2 (0ms)
		AwakeInstancesAfterBackupRestoration (44ms)
Refreshing native plugins compatible for Editor in 8.71 ms, found 5 plugins.
Preloading 0 native plugins for Editor in 0.00 ms.
Unloading 13 Unused Serialized files (Serialized files now loaded: 0)
Unloading 6988 unused Assets / (5.3 MB). Loaded Objects now: 7897.
Memory consumption went from 154.8 MB to 149.5 MB.
Total: 26.934400 ms (FindLiveObjects: 2.826800 ms CreateObjectMapping: 2.361500 ms MarkObjects: 11.733500 ms  DeleteObjects: 10.006300 ms)

Prepare: number of updated asset objects reloaded= 0
========================================================================
Received Prepare
Begin MonoManager ReloadAssembly
- Loaded All Assemblies, in  4.326 seconds
Refreshing native plugins compatible for Editor in 18.22 ms, found 5 plugins.
Native extension for WindowsStandalone target not found
[Package Manager] Failed to launch server process. Reason: Unity was launched with the -noUpm command-line argument
[Package Manager] Unable to send message (not connected to server process).
[Package Manager] Cannot connect to Unity Package Manager local server
Mono: successfully reloaded assembly
- Finished resetting the current domain, in  2.498 seconds
Domain Reload Profiling: 6815ms
	BeginReloadAssembly (1064ms)
		ExecutionOrderSort (0ms)
		DisableScriptedObjects (75ms)
		BackupInstance (0ms)
		ReleaseScriptingObjects (0ms)
		CreateAndSetChildDomain (223ms)
	RebuildCommonClasses (186ms)
	RebuildNativeTypeToScriptingClass (69ms)
	initialDomainReloadingComplete (164ms)
	LoadAllAssembliesAndSetupDomain (2832ms)
		LoadAssemblies (2158ms)
		RebuildTransferFunctionScriptingTraits (0ms)
		AnalyzeDomain (1143ms)
			TypeCache.Refresh (33ms)
				TypeCache.ScanAssembly (0ms)
			BuildScriptInfoCaches (1018ms)
			ResolveRequiredComponents (73ms)
	FinalizeReload (2500ms)
		ReleaseScriptCaches (0ms)
		RebuildScriptCaches (0ms)
		SetupLoadedEditorAssemblies (1996ms)
			LogAssemblyErrors (0ms)
			InitializePlatformSupportModulesInManaged (7ms)
			SetLoadedEditorAssemblies (21ms)
			BeforeProcessingInitializeOnLoad (579ms)
			ProcessInitializeOnLoadAttributes (1184ms)
			ProcessInitializeOnLoadMethodAttributes (190ms)
			AfterProcessingInitializeOnLoad (14ms)
			EditorAssembliesLoaded (1ms)
		ExecutionOrderSort2 (0ms)
		AwakeInstancesAfterBackupRestoration (35ms)
Refreshing native plugins compatible for Editor in 5.48 ms, found 5 plugins.
Preloading 0 native plugins for Editor in 0.00 ms.
Unloading 13 Unused Serialized files (Serialized files now loaded: 0)
Unloading 6988 unused Assets / (7.7 MB). Loaded Objects now: 7900.
Memory consumption went from 154.8 MB to 147.2 MB.
Total: 38.287500 ms (FindLiveObjects: 1.963000 ms CreateObjectMapping: 3.045800 ms MarkObjects: 11.601100 ms  DeleteObjects: 21.674000 ms)

Prepare: number of updated asset objects reloaded= 0
========================================================================
Received Prepare
Refreshing native plugins compatible for Editor in 18.97 ms, found 5 plugins.
Preloading 0 native plugins for Editor in 0.00 ms.
Unloading 13 Unused Serialized files (Serialized files now loaded: 0)
Unloading 6972 unused Assets / (5.1 MB). Loaded Objects now: 7900.
Memory consumption went from 154.9 MB to 149.9 MB.
Total: 67.896700 ms (FindLiveObjects: 3.383200 ms CreateObjectMapping: 3.610600 ms MarkObjects: 39.452400 ms  DeleteObjects: 21.443700 ms)

Prepare: number of updated asset objects reloaded= 0
========================================================================
Received Prepare
Begin MonoManager ReloadAssembly
- Loaded All Assemblies, in  2.326 seconds
Refreshing native plugins compatible for Editor in 9.33 ms, found 5 plugins.
Native extension for WindowsStandalone target not found
[Package Manager] Failed to launch server process. Reason: Unity was launched with the -noUpm command-line argument
[Package Manager] Unable to send message (not connected to server process).
[Package Manager] Cannot connect to Unity Package Manager local server
Mono: successfully reloaded assembly
- Finished resetting the current domain, in  2.109 seconds
Domain Reload Profiling: 4438ms
	BeginReloadAssembly (579ms)
		ExecutionOrderSort (0ms)
		DisableScriptedObjects (48ms)
		BackupInstance (0ms)
		ReleaseScriptingObjects (0ms)
		CreateAndSetChildDomain (186ms)
	RebuildCommonClasses (87ms)
	RebuildNativeTypeToScriptingClass (29ms)
	initialDomainReloadingComplete (84ms)
	LoadAllAssembliesAndSetupDomain (1549ms)
		LoadAssemblies (1176ms)
		RebuildTransferFunctionScriptingTraits (0ms)
		AnalyzeDomain (584ms)
			TypeCache.Refresh (44ms)
				TypeCache.ScanAssembly (1ms)
			BuildScriptInfoCaches (506ms)
			ResolveRequiredComponents (23ms)
	FinalizeReload (2110ms)
		ReleaseScriptCaches (0ms)
		RebuildScriptCaches (0ms)
		SetupLoadedEditorAssemblies (1724ms)
			LogAssemblyErrors (0ms)
			InitializePlatformSupportModulesInManaged (7ms)
			SetLoadedEditorAssemblies (16ms)
			BeforeProcessingInitializeOnLoad (516ms)
			ProcessInitializeOnLoadAttributes (1023ms)
			ProcessInitializeOnLoadMethodAttributes (151ms)
			AfterProcessingInitializeOnLoad (10ms)
			EditorAssembliesLoaded (1ms)
		ExecutionOrderSort2 (0ms)
		AwakeInstancesAfterBackupRestoration (40ms)
Refreshing native plugins compatible for Editor in 4.16 ms, found 5 plugins.
Preloading 0 native plugins for Editor in 0.00 ms.
Unloading 13 Unused Serialized files (Serialized files now loaded: 0)
Unloading 6988 unused Assets / (5.3 MB). Loaded Objects now: 7903.
Memory consumption went from 154.9 MB to 149.6 MB.
Total: 30.958800 ms (FindLiveObjects: 1.300800 ms CreateObjectMapping: 1.188400 ms MarkObjects: 9.217800 ms  DeleteObjects: 19.248700 ms)

Prepare: number of updated asset objects reloaded= 0
========================================================================
Received Prepare
Begin MonoManager ReloadAssembly
- Loaded All Assemblies, in  1.912 seconds
Refreshing native plugins compatible for Editor in 3.89 ms, found 5 plugins.
Native extension for WindowsStandalone target not found
[Package Manager] Failed to launch server process. Reason: Unity was launched with the -noUpm command-line argument
[Package Manager] Unable to send message (not connected to server process).
[Package Manager] Cannot connect to Unity Package Manager local server
Mono: successfully reloaded assembly
- Finished resetting the current domain, in  2.236 seconds
Domain Reload Profiling: 4153ms
	BeginReloadAssembly (496ms)
		ExecutionOrderSort (0ms)
		DisableScriptedObjects (37ms)
		BackupInstance (0ms)
		ReleaseScriptingObjects (0ms)
		CreateAndSetChildDomain (123ms)
	RebuildCommonClasses (72ms)
	RebuildNativeTypeToScriptingClass (28ms)
	initialDomainReloadingComplete (63ms)
	LoadAllAssembliesAndSetupDomain (1257ms)
		LoadAssemblies (937ms)
		RebuildTransferFunctionScriptingTraits (0ms)
		AnalyzeDomain (531ms)
			TypeCache.Refresh (17ms)
				TypeCache.ScanAssembly (0ms)
			BuildScriptInfoCaches (472ms)
			ResolveRequiredComponents (30ms)
	FinalizeReload (2238ms)
		ReleaseScriptCaches (0ms)
		RebuildScriptCaches (0ms)
		SetupLoadedEditorAssemblies (1853ms)
			LogAssemblyErrors (0ms)
			InitializePlatformSupportModulesInManaged (7ms)
			SetLoadedEditorAssemblies (20ms)
			BeforeProcessingInitializeOnLoad (509ms)
			ProcessInitializeOnLoadAttributes (1141ms)
			ProcessInitializeOnLoadMethodAttributes (165ms)
			AfterProcessingInitializeOnLoad (11ms)
			EditorAssembliesLoaded (1ms)
		ExecutionOrderSort2 (0ms)
		AwakeInstancesAfterBackupRestoration (40ms)
Refreshing native plugins compatible for Editor in 5.66 ms, found 5 plugins.
Preloading 0 native plugins for Editor in 0.00 ms.
Unloading 13 Unused Serialized files (Serialized files now loaded: 0)
Unloading 6988 unused Assets / (4.5 MB). Loaded Objects now: 7906.
Memory consumption went from 155.0 MB to 150.4 MB.
Total: 21.549900 ms (FindLiveObjects: 2.120600 ms CreateObjectMapping: 3.959300 ms MarkObjects: 9.781000 ms  DeleteObjects: 5.685000 ms)

Prepare: number of updated asset objects reloaded= 0
========================================================================
Received Prepare
Begin MonoManager ReloadAssembly
- Loaded All Assemblies, in  1.884 seconds
Refreshing native plugins compatible for Editor in 9.30 ms, found 5 plugins.
Native extension for WindowsStandalone target not found
[Package Manager] Failed to launch server process. Reason: Unity was launched with the -noUpm command-line argument
[Package Manager] Unable to send message (not connected to server process).
[Package Manager] Cannot connect to Unity Package Manager local server
Mono: successfully reloaded assembly
- Finished resetting the current domain, in  2.281 seconds
Domain Reload Profiling: 4170ms
	BeginReloadAssembly (455ms)
		ExecutionOrderSort (0ms)
		DisableScriptedObjects (30ms)
		BackupInstance (0ms)
		ReleaseScriptingObjects (0ms)
		CreateAndSetChildDomain (99ms)
	RebuildCommonClasses (92ms)
	RebuildNativeTypeToScriptingClass (32ms)
	initialDomainReloadingComplete (56ms)
	LoadAllAssembliesAndSetupDomain (1251ms)
		LoadAssemblies (945ms)
		RebuildTransferFunctionScriptingTraits (0ms)
		AnalyzeDomain (520ms)
			TypeCache.Refresh (21ms)
				TypeCache.ScanAssembly (0ms)
			BuildScriptInfoCaches (467ms)
			ResolveRequiredComponents (21ms)
	FinalizeReload (2283ms)
		ReleaseScriptCaches (0ms)
		RebuildScriptCaches (0ms)
		SetupLoadedEditorAssemblies (1885ms)
			LogAssemblyErrors (0ms)
			InitializePlatformSupportModulesInManaged (8ms)
			SetLoadedEditorAssemblies (18ms)
			BeforeProcessingInitializeOnLoad (523ms)
			ProcessInitializeOnLoadAttributes (1137ms)
			ProcessInitializeOnLoadMethodAttributes (184ms)
			AfterProcessingInitializeOnLoad (14ms)
			EditorAssembliesLoaded (1ms)
		ExecutionOrderSort2 (0ms)
		AwakeInstancesAfterBackupRestoration (43ms)
Refreshing native plugins compatible for Editor in 8.91 ms, found 5 plugins.
Preloading 0 native plugins for Editor in 0.00 ms.
Unloading 13 Unused Serialized files (Serialized files now loaded: 0)
Unloading 6988 unused Assets / (5.2 MB). Loaded Objects now: 7909.
Memory consumption went from 155.0 MB to 149.8 MB.
Total: 24.325800 ms (FindLiveObjects: 2.084200 ms CreateObjectMapping: 2.464400 ms MarkObjects: 12.275300 ms  DeleteObjects: 7.498400 ms)

Prepare: number of updated asset objects reloaded= 0
========================================================================
Received Prepare
Begin MonoManager ReloadAssembly
- Loaded All Assemblies, in  1.992 seconds
Refreshing native plugins compatible for Editor in 6.54 ms, found 5 plugins.
Native extension for WindowsStandalone target not found
[Package Manager] Failed to launch server process. Reason: Unity was launched with the -noUpm command-line argument
[Package Manager] Unable to send message (not connected to server process).
[Package Manager] Cannot connect to Unity Package Manager local server
Mono: successfully reloaded assembly
- Finished resetting the current domain, in  2.296 seconds
Domain Reload Profiling: 4290ms
	BeginReloadAssembly (502ms)
		ExecutionOrderSort (0ms)
		DisableScriptedObjects (39ms)
		BackupInstance (0ms)
		ReleaseScriptingObjects (0ms)
		CreateAndSetChildDomain (114ms)
	RebuildCommonClasses (87ms)
	RebuildNativeTypeToScriptingClass (29ms)
	initialDomainReloadingComplete (81ms)
	LoadAllAssembliesAndSetupDomain (1295ms)
		LoadAssemblies (1015ms)
		RebuildTransferFunctionScriptingTraits (0ms)
		AnalyzeDomain (496ms)
			TypeCache.Refresh (15ms)
				TypeCache.ScanAssembly (0ms)
			BuildScriptInfoCaches (439ms)
			ResolveRequiredComponents (29ms)
	FinalizeReload (2297ms)
		ReleaseScriptCaches (0ms)
		RebuildScriptCaches (0ms)
		SetupLoadedEditorAssemblies (1912ms)
			LogAssemblyErrors (0ms)
			InitializePlatformSupportModulesInManaged (6ms)
			SetLoadedEditorAssemblies (18ms)
			BeforeProcessingInitializeOnLoad (496ms)
			ProcessInitializeOnLoadAttributes (1207ms)
			ProcessInitializeOnLoadMethodAttributes (176ms)
			AfterProcessingInitializeOnLoad (8ms)
			EditorAssembliesLoaded (1ms)
		ExecutionOrderSort2 (0ms)
		AwakeInstancesAfterBackupRestoration (33ms)
Refreshing native plugins compatible for Editor in 8.18 ms, found 5 plugins.
Preloading 0 native plugins for Editor in 0.00 ms.
Unloading 13 Unused Serialized files (Serialized files now loaded: 0)
Unloading 6988 unused Assets / (4.9 MB). Loaded Objects now: 7912.
Memory consumption went from 155.0 MB to 150.1 MB.
Total: 19.403100 ms (FindLiveObjects: 1.503800 ms CreateObjectMapping: 1.133700 ms MarkObjects: 10.230400 ms  DeleteObjects: 6.530400 ms)

Prepare: number of updated asset objects reloaded= 0
========================================================================
Received Prepare
Begin MonoManager ReloadAssembly
- Loaded All Assemblies, in  1.944 seconds
Refreshing native plugins compatible for Editor in 7.86 ms, found 5 plugins.
Native extension for WindowsStandalone target not found
[Package Manager] Failed to launch server process. Reason: Unity was launched with the -noUpm command-line argument
[Package Manager] Unable to send message (not connected to server process).
[Package Manager] Cannot connect to Unity Package Manager local server
Mono: successfully reloaded assembly
- Finished resetting the current domain, in  2.295 seconds
Domain Reload Profiling: 4237ms
	BeginReloadAssembly (472ms)
		ExecutionOrderSort (0ms)
		DisableScriptedObjects (37ms)
		BackupInstance (0ms)
		ReleaseScriptingObjects (0ms)
		CreateAndSetChildDomain (108ms)
	RebuildCommonClasses (82ms)
	RebuildNativeTypeToScriptingClass (22ms)
	initialDomainReloadingComplete (66ms)
	LoadAllAssembliesAndSetupDomain (1299ms)
		LoadAssemblies (1018ms)
		RebuildTransferFunctionScriptingTraits (0ms)
		AnalyzeDomain (488ms)
			TypeCache.Refresh (16ms)
				TypeCache.ScanAssembly (0ms)
			BuildScriptInfoCaches (441ms)
			ResolveRequiredComponents (20ms)
	FinalizeReload (2296ms)
		ReleaseScriptCaches (0ms)
		RebuildScriptCaches (0ms)
		SetupLoadedEditorAssemblies (1867ms)
			LogAssemblyErrors (0ms)
			InitializePlatformSupportModulesInManaged (5ms)
			SetLoadedEditorAssemblies (18ms)
			BeforeProcessingInitializeOnLoad (502ms)
			ProcessInitializeOnLoadAttributes (1136ms)
			ProcessInitializeOnLoadMethodAttributes (196ms)
			AfterProcessingInitializeOnLoad (9ms)
			EditorAssembliesLoaded (1ms)
		ExecutionOrderSort2 (0ms)
		AwakeInstancesAfterBackupRestoration (55ms)
Refreshing native plugins compatible for Editor in 6.33 ms, found 5 plugins.
Preloading 0 native plugins for Editor in 0.00 ms.
Unloading 13 Unused Serialized files (Serialized files now loaded: 0)
Unloading 6988 unused Assets / (5.3 MB). Loaded Objects now: 7915.
Memory consumption went from 155.0 MB to 149.7 MB.
Total: 19.922500 ms (FindLiveObjects: 1.811400 ms CreateObjectMapping: 1.122700 ms MarkObjects: 10.115000 ms  DeleteObjects: 6.869100 ms)

Prepare: number of updated asset objects reloaded= 0
========================================================================
Received Prepare
Begin MonoManager ReloadAssembly
- Loaded All Assemblies, in  2.015 seconds
Refreshing native plugins compatible for Editor in 6.73 ms, found 5 plugins.
Native extension for WindowsStandalone target not found
[Package Manager] Failed to launch server process. Reason: Unity was launched with the -noUpm command-line argument
[Package Manager] Unable to send message (not connected to server process).
[Package Manager] Cannot connect to Unity Package Manager local server
Mono: successfully reloaded assembly
- Finished resetting the current domain, in  2.180 seconds
Domain Reload Profiling: 4199ms
	BeginReloadAssembly (498ms)
		ExecutionOrderSort (0ms)
		DisableScriptedObjects (37ms)
		BackupInstance (0ms)
		ReleaseScriptingObjects (0ms)
		CreateAndSetChildDomain (117ms)
	RebuildCommonClasses (90ms)
	RebuildNativeTypeToScriptingClass (28ms)
	initialDomainReloadingComplete (73ms)
	LoadAllAssembliesAndSetupDomain (1329ms)
		LoadAssemblies (1045ms)
		RebuildTransferFunctionScriptingTraits (0ms)
		AnalyzeDomain (495ms)
			TypeCache.Refresh (15ms)
				TypeCache.ScanAssembly (0ms)
			BuildScriptInfoCaches (445ms)
			ResolveRequiredComponents (23ms)
	FinalizeReload (2182ms)
		ReleaseScriptCaches (0ms)
		RebuildScriptCaches (0ms)
		SetupLoadedEditorAssemblies (1813ms)
			LogAssemblyErrors (0ms)
			InitializePlatformSupportModulesInManaged (6ms)
			SetLoadedEditorAssemblies (20ms)
			BeforeProcessingInitializeOnLoad (498ms)
			ProcessInitializeOnLoadAttributes (1066ms)
			ProcessInitializeOnLoadMethodAttributes (208ms)
			AfterProcessingInitializeOnLoad (13ms)
			EditorAssembliesLoaded (1ms)
		ExecutionOrderSort2 (0ms)
		AwakeInstancesAfterBackupRestoration (44ms)
Refreshing native plugins compatible for Editor in 11.64 ms, found 5 plugins.
Preloading 0 native plugins for Editor in 0.00 ms.
Unloading 13 Unused Serialized files (Serialized files now loaded: 0)
Unloading 6988 unused Assets / (4.5 MB). Loaded Objects now: 7918.
Memory consumption went from 155.1 MB to 150.6 MB.
Total: 20.583800 ms (FindLiveObjects: 1.781200 ms CreateObjectMapping: 1.691400 ms MarkObjects: 11.659700 ms  DeleteObjects: 5.447700 ms)

Prepare: number of updated asset objects reloaded= 0
========================================================================
Received Prepare
Begin MonoManager ReloadAssembly
- Loaded All Assemblies, in  1.932 seconds
Refreshing native plugins compatible for Editor in 7.63 ms, found 5 plugins.
Native extension for WindowsStandalone target not found
[Package Manager] Failed to launch server process. Reason: Unity was launched with the -noUpm command-line argument
[Package Manager] Unable to send message (not connected to server process).
[Package Manager] Cannot connect to Unity Package Manager local server
Mono: successfully reloaded assembly
- Finished resetting the current domain, in  2.407 seconds
Domain Reload Profiling: 4347ms
	BeginReloadAssembly (492ms)
		ExecutionOrderSort (0ms)
		DisableScriptedObjects (38ms)
		BackupInstance (0ms)
		ReleaseScriptingObjects (0ms)
		CreateAndSetChildDomain (120ms)
	RebuildCommonClasses (85ms)
	RebuildNativeTypeToScriptingClass (34ms)
	initialDomainReloadingComplete (67ms)
	LoadAllAssembliesAndSetupDomain (1260ms)
		LoadAssemblies (954ms)
		RebuildTransferFunctionScriptingTraits (0ms)
		AnalyzeDomain (510ms)
			TypeCache.Refresh (21ms)
				TypeCache.ScanAssembly (0ms)
			BuildScriptInfoCaches (455ms)
			ResolveRequiredComponents (22ms)
	FinalizeReload (2409ms)
		ReleaseScriptCaches (0ms)
		RebuildScriptCaches (0ms)
		SetupLoadedEditorAssemblies (1981ms)
			LogAssemblyErrors (0ms)
			InitializePlatformSupportModulesInManaged (7ms)
			SetLoadedEditorAssemblies (20ms)
			BeforeProcessingInitializeOnLoad (531ms)
			ProcessInitializeOnLoadAttributes (1202ms)
			ProcessInitializeOnLoadMethodAttributes (210ms)
			AfterProcessingInitializeOnLoad (10ms)
			EditorAssembliesLoaded (1ms)
		ExecutionOrderSort2 (0ms)
		AwakeInstancesAfterBackupRestoration (49ms)
Refreshing native plugins compatible for Editor in 5.10 ms, found 5 plugins.
Preloading 0 native plugins for Editor in 0.00 ms.
Unloading 13 Unused Serialized files (Serialized files now loaded: 0)
Unloading 6988 unused Assets / (5.1 MB). Loaded Objects now: 7921.
Memory consumption went from 155.2 MB to 150.0 MB.
Total: 20.930500 ms (FindLiveObjects: 1.957200 ms CreateObjectMapping: 1.918000 ms MarkObjects: 10.045100 ms  DeleteObjects: 7.005600 ms)

Prepare: number of updated asset objects reloaded= 0
========================================================================
Received Import Request.
  Time since last request: 7635.432077 seconds.
  path: Assets/Scenes/BackOffice.unity
  artifactKey: Guid(93b21d1ef73319244a6278a7c97fd1c2) Importer(815301076,1909f56bfc062723c751e8b465ee728b)
Start importing Assets/Scenes/BackOffice.unity using Guid(93b21d1ef73319244a6278a7c97fd1c2) Importer(815301076,1909f56bfc062723c751e8b465ee728b) (PreviewImporter) -> (artifact id: 'e23f692a6195fcdee823e2d7050d50ec') in 0.0654193 seconds
Number of updated asset objects reloaded before import = 0Number of asset objects unloaded after import = 0

========================================================================
Received Prepare
Refreshing native plugins compatible for Editor in 23.85 ms, found 5 plugins.
Preloading 0 native plugins for Editor in 0.00 ms.
Unloading 13 Unused Serialized files (Serialized files now loaded: 0)
Unloading 6972 unused Assets / (5.5 MB). Loaded Objects now: 7921.
Memory consumption went from 155.3 MB to 149.8 MB.
Total: 41.677900 ms (FindLiveObjects: 2.984500 ms CreateObjectMapping: 3.043400 ms MarkObjects: 23.736500 ms  DeleteObjects: 11.907800 ms)

Prepare: number of updated asset objects reloaded= 0
========================================================================
Received Import Request.
  Time since last request: 214.376407 seconds.
  path: Assets/Scripts/Back Office/BackOfficeController.cs
  artifactKey: Guid(2fb7263b66fcea04cbc044bd29c2c650) Importer(815301076,1909f56bfc062723c751e8b465ee728b)
Start importing Assets/Scripts/Back Office/BackOfficeController.cs using Guid(2fb7263b66fcea04cbc044bd29c2c650) Importer(815301076,1909f56bfc062723c751e8b465ee728b) (PreviewImporter) -> (artifact id: 'afac8f7bd8a4ada3e2bf0bc4fcc940d1') in 0.0126315 seconds
Number of updated asset objects reloaded before import = 0Number of asset objects unloaded after import = 0

========================================================================
Received Prepare
Begin MonoManager ReloadAssembly
- Loaded All Assemblies, in  1.965 seconds
Refreshing native plugins compatible for Editor in 7.90 ms, found 5 plugins.
Native extension for WindowsStandalone target not found
[Package Manager] Failed to launch server process. Reason: Unity was launched with the -noUpm command-line argument
[Package Manager] Unable to send message (not connected to server process).
[Package Manager] Cannot connect to Unity Package Manager local server
Mono: successfully reloaded assembly
- Finished resetting the current domain, in  2.009 seconds
Domain Reload Profiling: 3979ms
	BeginReloadAssembly (529ms)
		ExecutionOrderSort (0ms)
		DisableScriptedObjects (53ms)
		BackupInstance (0ms)
		ReleaseScriptingObjects (0ms)
		CreateAndSetChildDomain (117ms)
	RebuildCommonClasses (101ms)
	RebuildNativeTypeToScriptingClass (33ms)
	initialDomainReloadingComplete (74ms)
	LoadAllAssembliesAndSetupDomain (1232ms)
		LoadAssemblies (968ms)
		RebuildTransferFunctionScriptingTraits (0ms)
		AnalyzeDomain (502ms)
			TypeCache.Refresh (25ms)
				TypeCache.ScanAssembly (1ms)
			BuildScriptInfoCaches (440ms)
			ResolveRequiredComponents (24ms)
	FinalizeReload (2010ms)
		ReleaseScriptCaches (0ms)
		RebuildScriptCaches (0ms)
		SetupLoadedEditorAssemblies (1642ms)
			LogAssemblyErrors (0ms)
			InitializePlatformSupportModulesInManaged (6ms)
			SetLoadedEditorAssemblies (15ms)
			BeforeProcessingInitializeOnLoad (536ms)
			ProcessInitializeOnLoadAttributes (932ms)
			ProcessInitializeOnLoadMethodAttributes (144ms)
			AfterProcessingInitializeOnLoad (8ms)
			EditorAssembliesLoaded (1ms)
		ExecutionOrderSort2 (0ms)
		AwakeInstancesAfterBackupRestoration (30ms)
Refreshing native plugins compatible for Editor in 6.69 ms, found 5 plugins.
Preloading 0 native plugins for Editor in 0.00 ms.
Unloading 13 Unused Serialized files (Serialized files now loaded: 0)
Unloading 6988 unused Assets / (7.7 MB). Loaded Objects now: 7924.
Memory consumption went from 155.2 MB to 147.5 MB.
Total: 31.272600 ms (FindLiveObjects: 1.138400 ms CreateObjectMapping: 1.422500 ms MarkObjects: 8.332600 ms  DeleteObjects: 20.375400 ms)

Prepare: number of updated asset objects reloaded= 0
========================================================================
Received Prepare
Begin MonoManager ReloadAssembly
- Loaded All Assemblies, in  1.971 seconds
Refreshing native plugins compatible for Editor in 3.78 ms, found 5 plugins.
Native extension for WindowsStandalone target not found
[Package Manager] Failed to launch server process. Reason: Unity was launched with the -noUpm command-line argument
[Package Manager] Unable to send message (not connected to server process).
[Package Manager] Cannot connect to Unity Package Manager local server
Mono: successfully reloaded assembly
- Finished resetting the current domain, in  2.192 seconds
Domain Reload Profiling: 4168ms
	BeginReloadAssembly (474ms)
		ExecutionOrderSort (0ms)
		DisableScriptedObjects (34ms)
		BackupInstance (0ms)
		ReleaseScriptingObjects (0ms)
		CreateAndSetChildDomain (121ms)
	RebuildCommonClasses (72ms)
	RebuildNativeTypeToScriptingClass (25ms)
	initialDomainReloadingComplete (52ms)
	LoadAllAssembliesAndSetupDomain (1351ms)
		LoadAssemblies (982ms)
		RebuildTransferFunctionScriptingTraits (0ms)
		AnalyzeDomain (567ms)
			TypeCache.Refresh (21ms)
				TypeCache.ScanAssembly (0ms)
			BuildScriptInfoCaches (502ms)
			ResolveRequiredComponents (33ms)
	FinalizeReload (2194ms)
		ReleaseScriptCaches (0ms)
		RebuildScriptCaches (0ms)
		SetupLoadedEditorAssemblies (1790ms)
			LogAssemblyErrors (0ms)
			InitializePlatformSupportModulesInManaged (5ms)
			SetLoadedEditorAssemblies (16ms)
			BeforeProcessingInitializeOnLoad (541ms)
			ProcessInitializeOnLoadAttributes (1044ms)
			ProcessInitializeOnLoadMethodAttributes (165ms)
			AfterProcessingInitializeOnLoad (18ms)
			EditorAssembliesLoaded (1ms)
		ExecutionOrderSort2 (0ms)
		AwakeInstancesAfterBackupRestoration (40ms)
Refreshing native plugins compatible for Editor in 10.97 ms, found 5 plugins.
Preloading 0 native plugins for Editor in 0.00 ms.
Unloading 13 Unused Serialized files (Serialized files now loaded: 0)
Unloading 6988 unused Assets / (5.4 MB). Loaded Objects now: 7927.
Memory consumption went from 155.2 MB to 149.9 MB.
Total: 23.276200 ms (FindLiveObjects: 2.189400 ms CreateObjectMapping: 2.381600 ms MarkObjects: 10.502700 ms  DeleteObjects: 8.198100 ms)

Prepare: number of updated asset objects reloaded= 0
========================================================================
Received Prepare
Begin MonoManager ReloadAssembly
- Loaded All Assemblies, in  1.948 seconds
Refreshing native plugins compatible for Editor in 7.83 ms, found 5 plugins.
Native extension for WindowsStandalone target not found
[Package Manager] Failed to launch server process. Reason: Unity was launched with the -noUpm command-line argument
[Package Manager] Unable to send message (not connected to server process).
[Package Manager] Cannot connect to Unity Package Manager local server
Mono: successfully reloaded assembly
- Finished resetting the current domain, in  2.200 seconds
Domain Reload Profiling: 4153ms
	BeginReloadAssembly (475ms)
		ExecutionOrderSort (0ms)
		DisableScriptedObjects (37ms)
		BackupInstance (0ms)
		ReleaseScriptingObjects (0ms)
		CreateAndSetChildDomain (118ms)
	RebuildCommonClasses (78ms)
	RebuildNativeTypeToScriptingClass (36ms)
	initialDomainReloadingComplete (79ms)
	LoadAllAssembliesAndSetupDomain (1284ms)
		LoadAssemblies (970ms)
		RebuildTransferFunctionScriptingTraits (0ms)
		AnalyzeDomain (518ms)
			TypeCache.Refresh (18ms)
				TypeCache.ScanAssembly (0ms)
			BuildScriptInfoCaches (468ms)
			ResolveRequiredComponents (21ms)
	FinalizeReload (2201ms)
		ReleaseScriptCaches (0ms)
		RebuildScriptCaches (0ms)
		SetupLoadedEditorAssemblies (1794ms)
			LogAssemblyErrors (0ms)
			InitializePlatformSupportModulesInManaged (4ms)
			SetLoadedEditorAssemblies (19ms)
			BeforeProcessingInitializeOnLoad (542ms)
			ProcessInitializeOnLoadAttributes (1037ms)
			ProcessInitializeOnLoadMethodAttributes (180ms)
			AfterProcessingInitializeOnLoad (11ms)
			EditorAssembliesLoaded (1ms)
		ExecutionOrderSort2 (0ms)
		AwakeInstancesAfterBackupRestoration (43ms)
Refreshing native plugins compatible for Editor in 8.80 ms, found 5 plugins.
Preloading 0 native plugins for Editor in 0.00 ms.
Unloading 13 Unused Serialized files (Serialized files now loaded: 0)
Unloading 6988 unused Assets / (5.0 MB). Loaded Objects now: 7930.
Memory consumption went from 155.2 MB to 150.2 MB.
Total: 22.317400 ms (FindLiveObjects: 2.255700 ms CreateObjectMapping: 2.166500 ms MarkObjects: 10.635900 ms  DeleteObjects: 7.255800 ms)

Prepare: number of updated asset objects reloaded= 0
========================================================================
Received Prepare
Refreshing native plugins compatible for Editor in 11.12 ms, found 5 plugins.
Preloading 0 native plugins for Editor in 0.00 ms.
Unloading 13 Unused Serialized files (Serialized files now loaded: 0)
Unloading 6972 unused Assets / (4.9 MB). Loaded Objects now: 7930.
Memory consumption went from 155.3 MB to 150.4 MB.
Total: 39.178900 ms (FindLiveObjects: 2.641100 ms CreateObjectMapping: 3.059300 ms MarkObjects: 23.534000 ms  DeleteObjects: 9.938100 ms)

Prepare: number of updated asset objects reloaded= 0
========================================================================
Received Prepare
Begin MonoManager ReloadAssembly
- Loaded All Assemblies, in  1.966 seconds
Refreshing native plugins compatible for Editor in 6.29 ms, found 5 plugins.
Native extension for WindowsStandalone target not found
[Package Manager] Failed to launch server process. Reason: Unity was launched with the -noUpm command-line argument
[Package Manager] Unable to send message (not connected to server process).
[Package Manager] Cannot connect to Unity Package Manager local server
Mono: successfully reloaded assembly
- Finished resetting the current domain, in  2.003 seconds
Domain Reload Profiling: 3967ms
	BeginReloadAssembly (477ms)
		ExecutionOrderSort (0ms)
		DisableScriptedObjects (35ms)
		BackupInstance (0ms)
		ReleaseScriptingObjects (0ms)
		CreateAndSetChildDomain (120ms)
	RebuildCommonClasses (69ms)
	RebuildNativeTypeToScriptingClass (25ms)
	initialDomainReloadingComplete (65ms)
	LoadAllAssembliesAndSetupDomain (1327ms)
		LoadAssemblies (1010ms)
		RebuildTransferFunctionScriptingTraits (0ms)
		AnalyzeDomain (516ms)
			TypeCache.Refresh (20ms)
				TypeCache.ScanAssembly (1ms)
			BuildScriptInfoCaches (448ms)
			ResolveRequiredComponents (32ms)
	FinalizeReload (2004ms)
		ReleaseScriptCaches (0ms)
		RebuildScriptCaches (0ms)
		SetupLoadedEditorAssemblies (1632ms)
			LogAssemblyErrors (0ms)
			InitializePlatformSupportModulesInManaged (4ms)
			SetLoadedEditorAssemblies (18ms)
			BeforeProcessingInitializeOnLoad (494ms)
			ProcessInitializeOnLoadAttributes (974ms)
			ProcessInitializeOnLoadMethodAttributes (134ms)
			AfterProcessingInitializeOnLoad (9ms)
			EditorAssembliesLoaded (1ms)
		ExecutionOrderSort2 (0ms)
		AwakeInstancesAfterBackupRestoration (32ms)
Refreshing native plugins compatible for Editor in 4.41 ms, found 5 plugins.
Preloading 0 native plugins for Editor in 0.00 ms.
Unloading 13 Unused Serialized files (Serialized files now loaded: 0)
Unloading 6988 unused Assets / (4.5 MB). Loaded Objects now: 7933.
Memory consumption went from 155.3 MB to 150.8 MB.
Total: 19.146800 ms (FindLiveObjects: 1.959200 ms CreateObjectMapping: 2.161100 ms MarkObjects: 9.873900 ms  DeleteObjects: 5.149500 ms)

Prepare: number of updated asset objects reloaded= 0
========================================================================
Received Prepare
Begin MonoManager ReloadAssembly
- Loaded All Assemblies, in  1.997 seconds
Refreshing native plugins compatible for Editor in 6.12 ms, found 5 plugins.
Native extension for WindowsStandalone target not found
[Package Manager] Failed to launch server process. Reason: Unity was launched with the -noUpm command-line argument
[Package Manager] Unable to send message (not connected to server process).
[Package Manager] Cannot connect to Unity Package Manager local server
Mono: successfully reloaded assembly
- Finished resetting the current domain, in  2.269 seconds
Domain Reload Profiling: 4261ms
	BeginReloadAssembly (450ms)
		ExecutionOrderSort (0ms)
		DisableScriptedObjects (35ms)
		BackupInstance (0ms)
		ReleaseScriptingObjects (0ms)
		CreateAndSetChildDomain (104ms)
	RebuildCommonClasses (83ms)
	RebuildNativeTypeToScriptingClass (23ms)
	initialDomainReloadingComplete (70ms)
	LoadAllAssembliesAndSetupDomain (1365ms)
		LoadAssemblies (1061ms)
		RebuildTransferFunctionScriptingTraits (0ms)
		AnalyzeDomain (497ms)
			TypeCache.Refresh (14ms)
				TypeCache.ScanAssembly (0ms)
			BuildScriptInfoCaches (440ms)
			ResolveRequiredComponents (32ms)
	FinalizeReload (2270ms)
		ReleaseScriptCaches (0ms)
		RebuildScriptCaches (0ms)
		SetupLoadedEditorAssemblies (1909ms)
			LogAssemblyErrors (0ms)
			InitializePlatformSupportModulesInManaged (7ms)
			SetLoadedEditorAssemblies (19ms)
			BeforeProcessingInitializeOnLoad (512ms)
			ProcessInitializeOnLoadAttributes (1182ms)
			ProcessInitializeOnLoadMethodAttributes (174ms)
			AfterProcessingInitializeOnLoad (15ms)
			EditorAssembliesLoaded (1ms)
		ExecutionOrderSort2 (0ms)
		AwakeInstancesAfterBackupRestoration (40ms)
Refreshing native plugins compatible for Editor in 6.18 ms, found 5 plugins.
Preloading 0 native plugins for Editor in 0.00 ms.
Unloading 13 Unused Serialized files (Serialized files now loaded: 0)
Unloading 6988 unused Assets / (5.4 MB). Loaded Objects now: 7936.
Memory consumption went from 155.3 MB to 150.0 MB.
Total: 25.177300 ms (FindLiveObjects: 2.014200 ms CreateObjectMapping: 2.263900 ms MarkObjects: 12.951200 ms  DeleteObjects: 7.944000 ms)

Prepare: number of updated asset objects reloaded= 0
========================================================================
Received Prepare
Begin MonoManager ReloadAssembly
- Loaded All Assemblies, in  1.945 seconds
Refreshing native plugins compatible for Editor in 3.96 ms, found 5 plugins.
Native extension for WindowsStandalone target not found
[Package Manager] Failed to launch server process. Reason: Unity was launched with the -noUpm command-line argument
[Package Manager] Unable to send message (not connected to server process).
[Package Manager] Cannot connect to Unity Package Manager local server
Mono: successfully reloaded assembly
- Finished resetting the current domain, in  2.259 seconds
Domain Reload Profiling: 4207ms
	BeginReloadAssembly (483ms)
		ExecutionOrderSort (0ms)
		DisableScriptedObjects (39ms)
		BackupInstance (0ms)
		ReleaseScriptingObjects (0ms)
		CreateAndSetChildDomain (125ms)
	RebuildCommonClasses (92ms)
	RebuildNativeTypeToScriptingClass (24ms)
	initialDomainReloadingComplete (71ms)
	LoadAllAssembliesAndSetupDomain (1276ms)
		LoadAssemblies (939ms)
		RebuildTransferFunctionScriptingTraits (0ms)
		AnalyzeDomain (532ms)
			TypeCache.Refresh (20ms)
				TypeCache.ScanAssembly (0ms)
			BuildScriptInfoCaches (468ms)
			ResolveRequiredComponents (31ms)
	FinalizeReload (2261ms)
		ReleaseScriptCaches (0ms)
		RebuildScriptCaches (0ms)
		SetupLoadedEditorAssemblies (1855ms)
			LogAssemblyErrors (0ms)
			InitializePlatformSupportModulesInManaged (6ms)
			SetLoadedEditorAssemblies (18ms)
			BeforeProcessingInitializeOnLoad (564ms)
			ProcessInitializeOnLoadAttributes (1059ms)
			ProcessInitializeOnLoadMethodAttributes (198ms)
			AfterProcessingInitializeOnLoad (9ms)
			EditorAssembliesLoaded (1ms)
		ExecutionOrderSort2 (0ms)
		AwakeInstancesAfterBackupRestoration (49ms)
Refreshing native plugins compatible for Editor in 7.37 ms, found 5 plugins.
Preloading 0 native plugins for Editor in 0.00 ms.
Unloading 13 Unused Serialized files (Serialized files now loaded: 0)
Unloading 6988 unused Assets / (5.3 MB). Loaded Objects now: 7939.
Memory consumption went from 155.4 MB to 150.1 MB.
Total: 27.166600 ms (FindLiveObjects: 2.134200 ms CreateObjectMapping: 2.302800 ms MarkObjects: 13.726900 ms  DeleteObjects: 8.997800 ms)

Prepare: number of updated asset objects reloaded= 0
========================================================================
Received Prepare
Begin MonoManager ReloadAssembly
- Loaded All Assemblies, in  2.023 seconds
Refreshing native plugins compatible for Editor in 4.19 ms, found 5 plugins.
Native extension for WindowsStandalone target not found
[Package Manager] Failed to launch server process. Reason: Unity was launched with the -noUpm command-line argument
[Package Manager] Unable to send message (not connected to server process).
[Package Manager] Cannot connect to Unity Package Manager local server
Mono: successfully reloaded assembly
- Finished resetting the current domain, in  2.295 seconds
Domain Reload Profiling: 4318ms
	BeginReloadAssembly (463ms)
		ExecutionOrderSort (0ms)
		DisableScriptedObjects (43ms)
		BackupInstance (0ms)
		ReleaseScriptingObjects (0ms)
		CreateAndSetChildDomain (113ms)
	RebuildCommonClasses (71ms)
	RebuildNativeTypeToScriptingClass (27ms)
	initialDomainReloadingComplete (63ms)
	LoadAllAssembliesAndSetupDomain (1398ms)
		LoadAssemblies (951ms)
		RebuildTransferFunctionScriptingTraits (0ms)
		AnalyzeDomain (630ms)
			TypeCache.Refresh (18ms)
				TypeCache.ScanAssembly (0ms)
			BuildScriptInfoCaches (562ms)
			ResolveRequiredComponents (39ms)
	FinalizeReload (2297ms)
		ReleaseScriptCaches (0ms)
		RebuildScriptCaches (0ms)
		SetupLoadedEditorAssemblies (1913ms)
			LogAssemblyErrors (0ms)
			InitializePlatformSupportModulesInManaged (4ms)
			SetLoadedEditorAssemblies (16ms)
			BeforeProcessingInitializeOnLoad (539ms)
			ProcessInitializeOnLoadAttributes (1163ms)
			ProcessInitializeOnLoadMethodAttributes (181ms)
			AfterProcessingInitializeOnLoad (9ms)
			EditorAssembliesLoaded (1ms)
		ExecutionOrderSort2 (0ms)
		AwakeInstancesAfterBackupRestoration (29ms)
Refreshing native plugins compatible for Editor in 5.58 ms, found 5 plugins.
Preloading 0 native plugins for Editor in 0.00 ms.
Unloading 13 Unused Serialized files (Serialized files now loaded: 0)
Unloading 6988 unused Assets / (6.6 MB). Loaded Objects now: 7942.
Memory consumption went from 155.4 MB to 148.9 MB.
Total: 29.424800 ms (FindLiveObjects: 2.202800 ms CreateObjectMapping: 2.518300 ms MarkObjects: 12.357500 ms  DeleteObjects: 12.341100 ms)

Prepare: number of updated asset objects reloaded= 0
========================================================================
Received Prepare
Refreshing native plugins compatible for Editor in 11.09 ms, found 5 plugins.
Preloading 0 native plugins for Editor in 0.00 ms.
Unloading 13 Unused Serialized files (Serialized files now loaded: 0)
Unloading 6972 unused Assets / (5.7 MB). Loaded Objects now: 7942.
Memory consumption went from 155.5 MB to 149.8 MB.
Total: 27.995100 ms (FindLiveObjects: 2.064900 ms CreateObjectMapping: 2.245900 ms MarkObjects: 15.131000 ms  DeleteObjects: 8.548000 ms)

Prepare: number of updated asset objects reloaded= 0
========================================================================
Received Prepare
Begin MonoManager ReloadAssembly
- Loaded All Assemblies, in  2.059 seconds
Refreshing native plugins compatible for Editor in 4.28 ms, found 5 plugins.
Native extension for WindowsStandalone target not found
[Package Manager] Failed to launch server process. Reason: Unity was launched with the -noUpm command-line argument
[Package Manager] Unable to send message (not connected to server process).
[Package Manager] Cannot connect to Unity Package Manager local server
Mono: successfully reloaded assembly
- Finished resetting the current domain, in  2.161 seconds
Domain Reload Profiling: 4228ms
	BeginReloadAssembly (507ms)
		ExecutionOrderSort (0ms)
		DisableScriptedObjects (43ms)
		BackupInstance (0ms)
		ReleaseScriptingObjects (0ms)
		CreateAndSetChildDomain (117ms)
	RebuildCommonClasses (86ms)
	RebuildNativeTypeToScriptingClass (32ms)
	initialDomainReloadingComplete (73ms)
	LoadAllAssembliesAndSetupDomain (1367ms)
		LoadAssemblies (1042ms)
		RebuildTransferFunctionScriptingTraits (0ms)
		AnalyzeDomain (544ms)
			TypeCache.Refresh (21ms)
				TypeCache.ScanAssembly (1ms)
			BuildScriptInfoCaches (488ms)
			ResolveRequiredComponents (24ms)
	FinalizeReload (2163ms)
		ReleaseScriptCaches (0ms)
		RebuildScriptCaches (0ms)
		SetupLoadedEditorAssemblies (1743ms)
			LogAssemblyErrors (0ms)
			InitializePlatformSupportModulesInManaged (6ms)
			SetLoadedEditorAssemblies (18ms)
			BeforeProcessingInitializeOnLoad (474ms)
			ProcessInitializeOnLoadAttributes (1087ms)
			ProcessInitializeOnLoadMethodAttributes (150ms)
			AfterProcessingInitializeOnLoad (8ms)
			EditorAssembliesLoaded (1ms)
		ExecutionOrderSort2 (0ms)
		AwakeInstancesAfterBackupRestoration (45ms)
Refreshing native plugins compatible for Editor in 7.07 ms, found 5 plugins.
Preloading 0 native plugins for Editor in 0.00 ms.
Unloading 13 Unused Serialized files (Serialized files now loaded: 0)
Unloading 6988 unused Assets / (4.7 MB). Loaded Objects now: 7945.
Memory consumption went from 155.4 MB to 150.7 MB.
Total: 25.752600 ms (FindLiveObjects: 2.140500 ms CreateObjectMapping: 2.533900 ms MarkObjects: 13.608300 ms  DeleteObjects: 7.466200 ms)

Prepare: number of updated asset objects reloaded= 0
========================================================================
Received Prepare
Refreshing native plugins compatible for Editor in 8.73 ms, found 5 plugins.
Preloading 0 native plugins for Editor in 0.00 ms.
Unloading 13 Unused Serialized files (Serialized files now loaded: 0)
Unloading 6972 unused Assets / (4.9 MB). Loaded Objects now: 7945.
Memory consumption went from 155.5 MB to 150.7 MB.
Total: 20.572200 ms (FindLiveObjects: 2.017400 ms CreateObjectMapping: 1.690400 ms MarkObjects: 9.539400 ms  DeleteObjects: 7.320600 ms)

Prepare: number of updated asset objects reloaded= 0
========================================================================
Received Prepare
Refreshing native plugins compatible for Editor in 19.56 ms, found 5 plugins.
Preloading 0 native plugins for Editor in 0.00 ms.
Unloading 13 Unused Serialized files (Serialized files now loaded: 0)
Unloading 6972 unused Assets / (4.7 MB). Loaded Objects now: 7945.
Memory consumption went from 155.5 MB to 150.8 MB.
Total: 47.417800 ms (FindLiveObjects: 2.903000 ms CreateObjectMapping: 2.767000 ms MarkObjects: 30.287200 ms  DeleteObjects: 11.456600 ms)

Prepare: number of updated asset objects reloaded= 0
========================================================================
Received Prepare
Begin MonoManager ReloadAssembly
- Loaded All Assemblies, in  2.264 seconds
Refreshing native plugins compatible for Editor in 12.60 ms, found 5 plugins.
Native extension for WindowsStandalone target not found
[Package Manager] Failed to launch server process. Reason: Unity was launched with the -noUpm command-line argument
[Package Manager] Unable to send message (not connected to server process).
[Package Manager] Cannot connect to Unity Package Manager local server
Mono: successfully reloaded assembly
- Finished resetting the current domain, in  2.289 seconds
Domain Reload Profiling: 4561ms
	BeginReloadAssembly (519ms)
		ExecutionOrderSort (0ms)
		DisableScriptedObjects (49ms)
		BackupInstance (0ms)
		ReleaseScriptingObjects (0ms)
		CreateAndSetChildDomain (127ms)
	RebuildCommonClasses (95ms)
	RebuildNativeTypeToScriptingClass (33ms)
	initialDomainReloadingComplete (98ms)
	LoadAllAssembliesAndSetupDomain (1525ms)
		LoadAssemblies (1099ms)
		RebuildTransferFunctionScriptingTraits (0ms)
		AnalyzeDomain (645ms)
			TypeCache.Refresh (37ms)
				TypeCache.ScanAssembly (1ms)
			BuildScriptInfoCaches (564ms)
			ResolveRequiredComponents (33ms)
	FinalizeReload (2291ms)
		ReleaseScriptCaches (0ms)
		RebuildScriptCaches (0ms)
		SetupLoadedEditorAssemblies (1851ms)
			LogAssemblyErrors (0ms)
			InitializePlatformSupportModulesInManaged (4ms)
			SetLoadedEditorAssemblies (19ms)
			BeforeProcessingInitializeOnLoad (570ms)
			ProcessInitializeOnLoadAttributes (1097ms)
			ProcessInitializeOnLoadMethodAttributes (154ms)
			AfterProcessingInitializeOnLoad (7ms)
			EditorAssembliesLoaded (1ms)
		ExecutionOrderSort2 (0ms)
		AwakeInstancesAfterBackupRestoration (33ms)
Refreshing native plugins compatible for Editor in 10.10 ms, found 5 plugins.
Preloading 0 native plugins for Editor in 0.00 ms.
Unloading 13 Unused Serialized files (Serialized files now loaded: 0)
Unloading 6988 unused Assets / (4.4 MB). Loaded Objects now: 7948.
Memory consumption went from 155.5 MB to 151.1 MB.
Total: 20.284200 ms (FindLiveObjects: 1.578200 ms CreateObjectMapping: 2.265400 ms MarkObjects: 10.920700 ms  DeleteObjects: 5.516600 ms)

Prepare: number of updated asset objects reloaded= 0
========================================================================
Received Prepare
Begin MonoManager ReloadAssembly
- Loaded All Assemblies, in  1.905 seconds
Refreshing native plugins compatible for Editor in 4.20 ms, found 5 plugins.
Native extension for WindowsStandalone target not found
[Package Manager] Failed to launch server process. Reason: Unity was launched with the -noUpm command-line argument
[Package Manager] Unable to send message (not connected to server process).
[Package Manager] Cannot connect to Unity Package Manager local server
Mono: successfully reloaded assembly
- Finished resetting the current domain, in  2.302 seconds
Domain Reload Profiling: 4212ms
	BeginReloadAssembly (467ms)
		ExecutionOrderSort (0ms)
		DisableScriptedObjects (43ms)
		BackupInstance (0ms)
		ReleaseScriptingObjects (0ms)
		CreateAndSetChildDomain (112ms)
	RebuildCommonClasses (87ms)
	RebuildNativeTypeToScriptingClass (26ms)
	initialDomainReloadingComplete (76ms)
	LoadAllAssembliesAndSetupDomain (1252ms)
		LoadAssemblies (943ms)
		RebuildTransferFunctionScriptingTraits (0ms)
		AnalyzeDomain (503ms)
			TypeCache.Refresh (15ms)
				TypeCache.ScanAssembly (0ms)
			BuildScriptInfoCaches (446ms)
			ResolveRequiredComponents (31ms)
	FinalizeReload (2303ms)
		ReleaseScriptCaches (0ms)
		RebuildScriptCaches (0ms)
		SetupLoadedEditorAssemblies (1849ms)
			LogAssemblyErrors (0ms)
			InitializePlatformSupportModulesInManaged (6ms)
			SetLoadedEditorAssemblies (18ms)
			BeforeProcessingInitializeOnLoad (510ms)
			ProcessInitializeOnLoadAttributes (1118ms)
			ProcessInitializeOnLoadMethodAttributes (176ms)
			AfterProcessingInitializeOnLoad (20ms)
			EditorAssembliesLoaded (1ms)
		ExecutionOrderSort2 (0ms)
		AwakeInstancesAfterBackupRestoration (49ms)
Refreshing native plugins compatible for Editor in 4.24 ms, found 5 plugins.
Preloading 0 native plugins for Editor in 0.00 ms.
Unloading 13 Unused Serialized files (Serialized files now loaded: 0)
Unloading 6988 unused Assets / (4.9 MB). Loaded Objects now: 7951.
Memory consumption went from 155.5 MB to 150.6 MB.
Total: 23.676500 ms (FindLiveObjects: 2.102900 ms CreateObjectMapping: 1.515300 ms MarkObjects: 12.906600 ms  DeleteObjects: 7.148300 ms)

Prepare: number of updated asset objects reloaded= 0
========================================================================
Received Prepare
Begin MonoManager ReloadAssembly
- Loaded All Assemblies, in  2.060 seconds
Refreshing native plugins compatible for Editor in 4.05 ms, found 5 plugins.
Native extension for WindowsStandalone target not found
[Package Manager] Failed to launch server process. Reason: Unity was launched with the -noUpm command-line argument
[Package Manager] Unable to send message (not connected to server process).
[Package Manager] Cannot connect to Unity Package Manager local server
Mono: successfully reloaded assembly
- Finished resetting the current domain, in  2.258 seconds
Domain Reload Profiling: 4320ms
	BeginReloadAssembly (517ms)
		ExecutionOrderSort (0ms)
		DisableScriptedObjects (36ms)
		BackupInstance (0ms)
		ReleaseScriptingObjects (0ms)
		CreateAndSetChildDomain (128ms)
	RebuildCommonClasses (89ms)
	RebuildNativeTypeToScriptingClass (25ms)
	initialDomainReloadingComplete (80ms)
	LoadAllAssembliesAndSetupDomain (1350ms)
		LoadAssemblies (1019ms)
		RebuildTransferFunctionScriptingTraits (0ms)
		AnalyzeDomain (554ms)
			TypeCache.Refresh (16ms)
				TypeCache.ScanAssembly (0ms)
			BuildScriptInfoCaches (490ms)
			ResolveRequiredComponents (35ms)
	FinalizeReload (2259ms)
		ReleaseScriptCaches (0ms)
		RebuildScriptCaches (0ms)
		SetupLoadedEditorAssemblies (1908ms)
			LogAssemblyErrors (0ms)
			InitializePlatformSupportModulesInManaged (5ms)
			SetLoadedEditorAssemblies (13ms)
			BeforeProcessingInitializeOnLoad (552ms)
			ProcessInitializeOnLoadAttributes (1144ms)
			ProcessInitializeOnLoadMethodAttributes (182ms)
			AfterProcessingInitializeOnLoad (12ms)
			EditorAssembliesLoaded (1ms)
		ExecutionOrderSort2 (0ms)
		AwakeInstancesAfterBackupRestoration (45ms)
Refreshing native plugins compatible for Editor in 9.06 ms, found 5 plugins.
Preloading 0 native plugins for Editor in 0.00 ms.
Unloading 13 Unused Serialized files (Serialized files now loaded: 0)
Unloading 6988 unused Assets / (5.3 MB). Loaded Objects now: 7954.
Memory consumption went from 155.6 MB to 150.3 MB.
Total: 24.226400 ms (FindLiveObjects: 2.063300 ms CreateObjectMapping: 1.310500 ms MarkObjects: 12.856500 ms  DeleteObjects: 7.991200 ms)

Prepare: number of updated asset objects reloaded= 0
========================================================================
Received Prepare
Begin MonoManager ReloadAssembly
- Loaded All Assemblies, in  1.850 seconds
Refreshing native plugins compatible for Editor in 4.55 ms, found 5 plugins.
Native extension for WindowsStandalone target not found
[Package Manager] Failed to launch server process. Reason: Unity was launched with the -noUpm command-line argument
[Package Manager] Unable to send message (not connected to server process).
[Package Manager] Cannot connect to Unity Package Manager local server
Mono: successfully reloaded assembly
- Finished resetting the current domain, in  2.188 seconds
Domain Reload Profiling: 4042ms
	BeginReloadAssembly (453ms)
		ExecutionOrderSort (0ms)
		DisableScriptedObjects (32ms)
		BackupInstance (0ms)
		ReleaseScriptingObjects (0ms)
		CreateAndSetChildDomain (116ms)
	RebuildCommonClasses (73ms)
	RebuildNativeTypeToScriptingClass (22ms)
	initialDomainReloadingComplete (66ms)
	LoadAllAssembliesAndSetupDomain (1240ms)
		LoadAssemblies (930ms)
		RebuildTransferFunctionScriptingTraits (0ms)
		AnalyzeDomain (493ms)
			TypeCache.Refresh (14ms)
				TypeCache.ScanAssembly (0ms)
			BuildScriptInfoCaches (447ms)
			ResolveRequiredComponents (22ms)
	FinalizeReload (2190ms)
		ReleaseScriptCaches (0ms)
		RebuildScriptCaches (0ms)
		SetupLoadedEditorAssemblies (1794ms)
			LogAssemblyErrors (0ms)
			InitializePlatformSupportModulesInManaged (6ms)
			SetLoadedEditorAssemblies (20ms)
			BeforeProcessingInitializeOnLoad (519ms)
			ProcessInitializeOnLoadAttributes (1088ms)
			ProcessInitializeOnLoadMethodAttributes (151ms)
			AfterProcessingInitializeOnLoad (9ms)
			EditorAssembliesLoaded (1ms)
		ExecutionOrderSort2 (0ms)
		AwakeInstancesAfterBackupRestoration (50ms)
Refreshing native plugins compatible for Editor in 8.18 ms, found 5 plugins.
Preloading 0 native plugins for Editor in 0.00 ms.
Unloading 13 Unused Serialized files (Serialized files now loaded: 0)
Unloading 6988 unused Assets / (5.2 MB). Loaded Objects now: 7957.
Memory consumption went from 155.6 MB to 150.4 MB.
Total: 18.881700 ms (FindLiveObjects: 2.174400 ms CreateObjectMapping: 1.135800 ms MarkObjects: 8.711700 ms  DeleteObjects: 6.856200 ms)

Prepare: number of updated asset objects reloaded= 0
========================================================================
Received Prepare
Refreshing native plugins compatible for Editor in 42.57 ms, found 5 plugins.
Preloading 0 native plugins for Editor in 0.00 ms.
Unloading 13 Unused Serialized files (Serialized files now loaded: 0)
Unloading 6972 unused Assets / (5.5 MB). Loaded Objects now: 7957.
Memory consumption went from 155.7 MB to 150.2 MB.
Total: 70.739400 ms (FindLiveObjects: 2.071500 ms CreateObjectMapping: 5.086000 ms MarkObjects: 25.760900 ms  DeleteObjects: 37.815400 ms)

Prepare: number of updated asset objects reloaded= 0
========================================================================
Received Prepare
Begin MonoManager ReloadAssembly
- Loaded All Assemblies, in  2.064 seconds
Refreshing native plugins compatible for Editor in 3.97 ms, found 5 plugins.
Native extension for WindowsStandalone target not found
[Package Manager] Failed to launch server process. Reason: Unity was launched with the -noUpm command-line argument
[Package Manager] Unable to send message (not connected to server process).
[Package Manager] Cannot connect to Unity Package Manager local server
Mono: successfully reloaded assembly
- Finished resetting the current domain, in  2.107 seconds
Domain Reload Profiling: 4168ms
	BeginReloadAssembly (504ms)
		ExecutionOrderSort (0ms)
		DisableScriptedObjects (44ms)
		BackupInstance (0ms)
		ReleaseScriptingObjects (0ms)
		CreateAndSetChildDomain (116ms)
	RebuildCommonClasses (90ms)
	RebuildNativeTypeToScriptingClass (31ms)
	initialDomainReloadingComplete (78ms)
	LoadAllAssembliesAndSetupDomain (1357ms)
		LoadAssemblies (977ms)
		RebuildTransferFunctionScriptingTraits (0ms)
		AnalyzeDomain (589ms)
			TypeCache.Refresh (40ms)
				TypeCache.ScanAssembly (1ms)
			BuildScriptInfoCaches (508ms)
			ResolveRequiredComponents (30ms)
	FinalizeReload (2109ms)
		ReleaseScriptCaches (0ms)
		RebuildScriptCaches (0ms)
		SetupLoadedEditorAssemblies (1692ms)
			LogAssemblyErrors (0ms)
			InitializePlatformSupportModulesInManaged (7ms)
			SetLoadedEditorAssemblies (16ms)
			BeforeProcessingInitializeOnLoad (466ms)
			ProcessInitializeOnLoadAttributes (1037ms)
			ProcessInitializeOnLoadMethodAttributes (147ms)
			AfterProcessingInitializeOnLoad (18ms)
			EditorAssembliesLoaded (1ms)
		ExecutionOrderSort2 (0ms)
		AwakeInstancesAfterBackupRestoration (34ms)
Refreshing native plugins compatible for Editor in 8.86 ms, found 5 plugins.
Preloading 0 native plugins for Editor in 0.00 ms.
Unloading 13 Unused Serialized files (Serialized files now loaded: 0)
Unloading 6988 unused Assets / (5.2 MB). Loaded Objects now: 7960.
Memory consumption went from 155.6 MB to 150.4 MB.
Total: 19.591300 ms (FindLiveObjects: 1.597400 ms CreateObjectMapping: 1.095200 ms MarkObjects: 9.471100 ms  DeleteObjects: 7.423200 ms)

Prepare: number of updated asset objects reloaded= 0
========================================================================
Received Prepare
Begin MonoManager ReloadAssembly
- Loaded All Assemblies, in  2.110 seconds
Refreshing native plugins compatible for Editor in 4.88 ms, found 5 plugins.
Native extension for WindowsStandalone target not found
[Package Manager] Failed to launch server process. Reason: Unity was launched with the -noUpm command-line argument
[Package Manager] Unable to send message (not connected to server process).
[Package Manager] Cannot connect to Unity Package Manager local server
Mono: successfully reloaded assembly
- Finished resetting the current domain, in  2.692 seconds
Domain Reload Profiling: 4805ms
	BeginReloadAssembly (532ms)
		ExecutionOrderSort (0ms)
		DisableScriptedObjects (34ms)
		BackupInstance (0ms)
		ReleaseScriptingObjects (0ms)
		CreateAndSetChildDomain (112ms)
	RebuildCommonClasses (94ms)
	RebuildNativeTypeToScriptingClass (26ms)
	initialDomainReloadingComplete (76ms)
	LoadAllAssembliesAndSetupDomain (1383ms)
		LoadAssemblies (1040ms)
		RebuildTransferFunctionScriptingTraits (0ms)
		AnalyzeDomain (578ms)
			TypeCache.Refresh (19ms)
				TypeCache.ScanAssembly (0ms)
			BuildScriptInfoCaches (516ms)
			ResolveRequiredComponents (31ms)
	FinalizeReload (2694ms)
		ReleaseScriptCaches (0ms)
		RebuildScriptCaches (0ms)
		SetupLoadedEditorAssemblies (2232ms)
			LogAssemblyErrors (0ms)
			InitializePlatformSupportModulesInManaged (7ms)
			SetLoadedEditorAssemblies (23ms)
			BeforeProcessingInitializeOnLoad (581ms)
			ProcessInitializeOnLoadAttributes (1387ms)
			ProcessInitializeOnLoadMethodAttributes (219ms)
			AfterProcessingInitializeOnLoad (14ms)
			EditorAssembliesLoaded (1ms)
		ExecutionOrderSort2 (0ms)
		AwakeInstancesAfterBackupRestoration (41ms)
Refreshing native plugins compatible for Editor in 7.71 ms, found 5 plugins.
Preloading 0 native plugins for Editor in 0.00 ms.
Unloading 13 Unused Serialized files (Serialized files now loaded: 0)
Unloading 6988 unused Assets / (5.8 MB). Loaded Objects now: 7963.
Memory consumption went from 155.7 MB to 149.9 MB.
Total: 20.178100 ms (FindLiveObjects: 1.309400 ms CreateObjectMapping: 1.238600 ms MarkObjects: 10.538400 ms  DeleteObjects: 7.087400 ms)

Prepare: number of updated asset objects reloaded= 0
========================================================================
Received Prepare
Refreshing native plugins compatible for Editor in 12.05 ms, found 5 plugins.
Preloading 0 native plugins for Editor in 0.00 ms.
Unloading 13 Unused Serialized files (Serialized files now loaded: 0)
Unloading 6972 unused Assets / (5.3 MB). Loaded Objects now: 7963.
Memory consumption went from 155.8 MB to 150.5 MB.
Total: 31.335300 ms (FindLiveObjects: 2.592500 ms CreateObjectMapping: 3.039300 ms MarkObjects: 16.202500 ms  DeleteObjects: 9.495300 ms)

Prepare: number of updated asset objects reloaded= 0
========================================================================
Received Prepare
Refreshing native plugins compatible for Editor in 11.84 ms, found 5 plugins.
Preloading 0 native plugins for Editor in 0.00 ms.
Unloading 13 Unused Serialized files (Serialized files now loaded: 0)
Unloading 6972 unused Assets / (5.3 MB). Loaded Objects now: 7963.
Memory consumption went from 155.8 MB to 150.5 MB.
Total: 32.329800 ms (FindLiveObjects: 3.039900 ms CreateObjectMapping: 2.588900 ms MarkObjects: 15.830000 ms  DeleteObjects: 10.863300 ms)

Prepare: number of updated asset objects reloaded= 0
========================================================================
Received Prepare
Begin MonoManager ReloadAssembly
- Loaded All Assemblies, in  2.022 seconds
Refreshing native plugins compatible for Editor in 6.43 ms, found 5 plugins.
Native extension for WindowsStandalone target not found
[Package Manager] Failed to launch server process. Reason: Unity was launched with the -noUpm command-line argument
[Package Manager] Unable to send message (not connected to server process).
[Package Manager] Cannot connect to Unity Package Manager local server
Mono: successfully reloaded assembly
- Finished resetting the current domain, in  2.030 seconds
Domain Reload Profiling: 4053ms
	BeginReloadAssembly (543ms)
		ExecutionOrderSort (0ms)
		DisableScriptedObjects (45ms)
		BackupInstance (0ms)
		ReleaseScriptingObjects (0ms)
		CreateAndSetChildDomain (117ms)
	RebuildCommonClasses (79ms)
	RebuildNativeTypeToScriptingClass (37ms)
	initialDomainReloadingComplete (91ms)
	LoadAllAssembliesAndSetupDomain (1272ms)
		LoadAssemblies (996ms)
		RebuildTransferFunctionScriptingTraits (0ms)
		AnalyzeDomain (511ms)
			TypeCache.Refresh (23ms)
				TypeCache.ScanAssembly (1ms)
			BuildScriptInfoCaches (447ms)
			ResolveRequiredComponents (32ms)
	FinalizeReload (2031ms)
		ReleaseScriptCaches (0ms)
		RebuildScriptCaches (0ms)
		SetupLoadedEditorAssemblies (1649ms)
			LogAssemblyErrors (0ms)
			InitializePlatformSupportModulesInManaged (7ms)
			SetLoadedEditorAssemblies (16ms)
			BeforeProcessingInitializeOnLoad (494ms)
			ProcessInitializeOnLoadAttributes (947ms)
			ProcessInitializeOnLoadMethodAttributes (176ms)
			AfterProcessingInitializeOnLoad (9ms)
			EditorAssembliesLoaded (1ms)
		ExecutionOrderSort2 (0ms)
		AwakeInstancesAfterBackupRestoration (29ms)
Refreshing native plugins compatible for Editor in 8.77 ms, found 5 plugins.
Preloading 0 native plugins for Editor in 0.00 ms.
Unloading 13 Unused Serialized files (Serialized files now loaded: 0)
Unloading 6988 unused Assets / (4.9 MB). Loaded Objects now: 7966.
Memory consumption went from 155.7 MB to 150.8 MB.
Total: 22.791300 ms (FindLiveObjects: 2.041200 ms CreateObjectMapping: 2.266600 ms MarkObjects: 12.729100 ms  DeleteObjects: 5.749800 ms)

Prepare: number of updated asset objects reloaded= 0
========================================================================
Received Prepare
Begin MonoManager ReloadAssembly
- Loaded All Assemblies, in  1.984 seconds
Refreshing native plugins compatible for Editor in 6.53 ms, found 5 plugins.
Native extension for WindowsStandalone target not found
[Package Manager] Failed to launch server process. Reason: Unity was launched with the -noUpm command-line argument
[Package Manager] Unable to send message (not connected to server process).
[Package Manager] Cannot connect to Unity Package Manager local server
Mono: successfully reloaded assembly
- Finished resetting the current domain, in  2.257 seconds
Domain Reload Profiling: 4243ms
	BeginReloadAssembly (534ms)
		ExecutionOrderSort (0ms)
		DisableScriptedObjects (38ms)
		BackupInstance (0ms)
		ReleaseScriptingObjects (0ms)
		CreateAndSetChildDomain (120ms)
	RebuildCommonClasses (91ms)
	RebuildNativeTypeToScriptingClass (23ms)
	initialDomainReloadingComplete (61ms)
	LoadAllAssembliesAndSetupDomain (1275ms)
		LoadAssemblies (1018ms)
		RebuildTransferFunctionScriptingTraits (0ms)
		AnalyzeDomain (498ms)
			TypeCache.Refresh (15ms)
				TypeCache.ScanAssembly (0ms)
			BuildScriptInfoCaches (451ms)
			ResolveRequiredComponents (21ms)
	FinalizeReload (2259ms)
		ReleaseScriptCaches (0ms)
		RebuildScriptCaches (0ms)
		SetupLoadedEditorAssemblies (1880ms)
			LogAssemblyErrors (0ms)
			InitializePlatformSupportModulesInManaged (6ms)
			SetLoadedEditorAssemblies (16ms)
			BeforeProcessingInitializeOnLoad (511ms)
			ProcessInitializeOnLoadAttributes (1166ms)
			ProcessInitializeOnLoadMethodAttributes (169ms)
			AfterProcessingInitializeOnLoad (10ms)
			EditorAssembliesLoaded (1ms)
		ExecutionOrderSort2 (0ms)
		AwakeInstancesAfterBackupRestoration (35ms)
Refreshing native plugins compatible for Editor in 8.04 ms, found 5 plugins.
Preloading 0 native plugins for Editor in 0.00 ms.
Unloading 13 Unused Serialized files (Serialized files now loaded: 0)
Unloading 6988 unused Assets / (6.1 MB). Loaded Objects now: 7969.
Memory consumption went from 155.8 MB to 149.6 MB.
Total: 22.143200 ms (FindLiveObjects: 1.758000 ms CreateObjectMapping: 0.946300 ms MarkObjects: 10.314900 ms  DeleteObjects: 9.119600 ms)

Prepare: number of updated asset objects reloaded= 0
========================================================================
Received Import Request.
  Time since last request: 1271.673569 seconds.
  path: Assets/Scenes/MainCasinoFloor.unity
  artifactKey: Guid(837bf0afdc4a32645ac0d8f5fe7d61b6) Importer(815301076,1909f56bfc062723c751e8b465ee728b)
Start importing Assets/Scenes/MainCasinoFloor.unity using Guid(837bf0afdc4a32645ac0d8f5fe7d61b6) Importer(815301076,1909f56bfc062723c751e8b465ee728b) (PreviewImporter) -> (artifact id: '0ad051978e1cb2b4e1db5001b15fb5e8') in 0.084354 seconds
Number of updated asset objects reloaded before import = 0Number of asset objects unloaded after import = 0

========================================================================
Received Prepare
Begin MonoManager ReloadAssembly
- Loaded All Assemblies, in  2.023 seconds
Refreshing native plugins compatible for Editor in 4.16 ms, found 5 plugins.
Native extension for WindowsStandalone target not found
[Package Manager] Failed to launch server process. Reason: Unity was launched with the -noUpm command-line argument
[Package Manager] Unable to send message (not connected to server process).
[Package Manager] Cannot connect to Unity Package Manager local server
Mono: successfully reloaded assembly
- Finished resetting the current domain, in  2.371 seconds
Domain Reload Profiling: 4393ms
	BeginReloadAssembly (546ms)
		ExecutionOrderSort (0ms)
		DisableScriptedObjects (42ms)
		BackupInstance (0ms)
		ReleaseScriptingObjects (0ms)
		CreateAndSetChildDomain (121ms)
	RebuildCommonClasses (84ms)
	RebuildNativeTypeToScriptingClass (31ms)
	initialDomainReloadingComplete (54ms)
	LoadAllAssembliesAndSetupDomain (1304ms)
		LoadAssemblies (1004ms)
		RebuildTransferFunctionScriptingTraits (0ms)
		AnalyzeDomain (536ms)
			TypeCache.Refresh (30ms)
				TypeCache.ScanAssembly (0ms)
			BuildScriptInfoCaches (467ms)
			ResolveRequiredComponents (27ms)
	FinalizeReload (2372ms)
		ReleaseScriptCaches (0ms)
		RebuildScriptCaches (0ms)
		SetupLoadedEditorAssemblies (1965ms)
			LogAssemblyErrors (0ms)
			InitializePlatformSupportModulesInManaged (8ms)
			SetLoadedEditorAssemblies (24ms)
			BeforeProcessingInitializeOnLoad (557ms)
			ProcessInitializeOnLoadAttributes (1188ms)
			ProcessInitializeOnLoadMethodAttributes (179ms)
			AfterProcessingInitializeOnLoad (8ms)
			EditorAssembliesLoaded (1ms)
		ExecutionOrderSort2 (0ms)
		AwakeInstancesAfterBackupRestoration (41ms)
Refreshing native plugins compatible for Editor in 11.18 ms, found 5 plugins.
Preloading 0 native plugins for Editor in 0.00 ms.
Unloading 13 Unused Serialized files (Serialized files now loaded: 0)
Unloading 6988 unused Assets / (5.6 MB). Loaded Objects now: 7972.
Memory consumption went from 155.8 MB to 150.2 MB.
Total: 25.036400 ms (FindLiveObjects: 2.023400 ms CreateObjectMapping: 1.777200 ms MarkObjects: 13.667800 ms  DeleteObjects: 7.563300 ms)

Prepare: number of updated asset objects reloaded= 0
========================================================================
Received Import Request.
  Time since last request: 167.317981 seconds.
  path: Assets/Scenes/MainCasinoFloor.unity
  artifactKey: Guid(837bf0afdc4a32645ac0d8f5fe7d61b6) Importer(815301076,1909f56bfc062723c751e8b465ee728b)
Start importing Assets/Scenes/MainCasinoFloor.unity using Guid(837bf0afdc4a32645ac0d8f5fe7d61b6) Importer(815301076,1909f56bfc062723c751e8b465ee728b) (PreviewImporter) -> (artifact id: '6161b73962c100881b9a78180967c5a1') in 0.0082498 seconds
Number of updated asset objects reloaded before import = 0Number of asset objects unloaded after import = 0

========================================================================
Received Import Request.
  Time since last request: 81.967973 seconds.
  path: Assets/Scenes/BackOffice.unity
  artifactKey: Guid(93b21d1ef73319244a6278a7c97fd1c2) Importer(815301076,1909f56bfc062723c751e8b465ee728b)
Start importing Assets/Scenes/BackOffice.unity using Guid(93b21d1ef73319244a6278a7c97fd1c2) Importer(815301076,1909f56bfc062723c751e8b465ee728b) (PreviewImporter) -> (artifact id: 'ea165289ec48c48ca15078a6f217e2e7') in 0.0080922 seconds
Number of updated asset objects reloaded before import = 0Number of asset objects unloaded after import = 0

========================================================================
Received Prepare
Begin MonoManager ReloadAssembly
- Loaded All Assemblies, in  2.358 seconds
Refreshing native plugins compatible for Editor in 4.48 ms, found 5 plugins.
Native extension for WindowsStandalone target not found
[Package Manager] Failed to launch server process. Reason: Unity was launched with the -noUpm command-line argument
[Package Manager] Unable to send message (not connected to server process).
[Package Manager] Cannot connect to Unity Package Manager local server
Mono: successfully reloaded assembly
- Finished resetting the current domain, in  2.650 seconds
Domain Reload Profiling: 5007ms
	BeginReloadAssembly (622ms)
		ExecutionOrderSort (0ms)
		DisableScriptedObjects (51ms)
		BackupInstance (0ms)
		ReleaseScriptingObjects (1ms)
		CreateAndSetChildDomain (151ms)
	RebuildCommonClasses (92ms)
	RebuildNativeTypeToScriptingClass (24ms)
	initialDomainReloadingComplete (80ms)
	LoadAllAssembliesAndSetupDomain (1537ms)
		LoadAssemblies (1262ms)
		RebuildTransferFunctionScriptingTraits (0ms)
		AnalyzeDomain (545ms)
			TypeCache.Refresh (15ms)
				TypeCache.ScanAssembly (0ms)
			BuildScriptInfoCaches (495ms)
			ResolveRequiredComponents (23ms)
	FinalizeReload (2652ms)
		ReleaseScriptCaches (0ms)
		RebuildScriptCaches (0ms)
		SetupLoadedEditorAssemblies (2155ms)
			LogAssemblyErrors (0ms)
			InitializePlatformSupportModulesInManaged (5ms)
			SetLoadedEditorAssemblies (26ms)
			BeforeProcessingInitializeOnLoad (598ms)
			ProcessInitializeOnLoadAttributes (1286ms)
			ProcessInitializeOnLoadMethodAttributes (219ms)
			AfterProcessingInitializeOnLoad (21ms)
			EditorAssembliesLoaded (1ms)
		ExecutionOrderSort2 (0ms)
		AwakeInstancesAfterBackupRestoration (58ms)
Refreshing native plugins compatible for Editor in 18.40 ms, found 5 plugins.
Preloading 0 native plugins for Editor in 0.00 ms.
Unloading 13 Unused Serialized files (Serialized files now loaded: 0)
Unloading 6988 unused Assets / (5.1 MB). Loaded Objects now: 7975.
Memory consumption went from 155.8 MB to 150.7 MB.
Total: 25.154300 ms (FindLiveObjects: 1.444500 ms CreateObjectMapping: 1.902200 ms MarkObjects: 11.875300 ms  DeleteObjects: 9.926800 ms)

Prepare: number of updated asset objects reloaded= 0
========================================================================
Received Import Request.
  Time since last request: 734.206315 seconds.
  path: Assets/Scenes/BackOffice.unity
  artifactKey: Guid(93b21d1ef73319244a6278a7c97fd1c2) Importer(815301076,1909f56bfc062723c751e8b465ee728b)
Start importing Assets/Scenes/BackOffice.unity using Guid(93b21d1ef73319244a6278a7c97fd1c2) Importer(815301076,1909f56bfc062723c751e8b465ee728b) (PreviewImporter) -> (artifact id: '6dbc1f5fec76995cb3e516d6e6d8c857') in 0.0223776 seconds
Number of updated asset objects reloaded before import = 0Number of asset objects unloaded after import = 0

========================================================================
Received Import Request.
  Time since last request: 136.079392 seconds.
  path: Assets/Scripts/Back Office/BackofficeController.cs
  artifactKey: Guid(2fb7263b66fcea04cbc044bd29c2c650) Importer(815301076,1909f56bfc062723c751e8b465ee728b)
Start importing Assets/Scripts/Back Office/BackofficeController.cs using Guid(2fb7263b66fcea04cbc044bd29c2c650) Importer(815301076,1909f56bfc062723c751e8b465ee728b) (PreviewImporter) -> (artifact id: '335d8931207d575763c9f75a5b065c10') in 0.0114351 seconds
Number of updated asset objects reloaded before import = 0Number of asset objects unloaded after import = 0

========================================================================
Received Prepare
Refreshing native plugins compatible for Editor in 22.90 ms, found 5 plugins.
Preloading 0 native plugins for Editor in 0.00 ms.
Unloading 13 Unused Serialized files (Serialized files now loaded: 0)
Unloading 6972 unused Assets / (6.1 MB). Loaded Objects now: 7975.
Memory consumption went from 155.9 MB to 149.8 MB.
Total: 304.934100 ms (FindLiveObjects: 4.200700 ms CreateObjectMapping: 3.505700 ms MarkObjects: 278.285800 ms  DeleteObjects: 18.934400 ms)

Prepare: number of updated asset objects reloaded= 0
========================================================================
Received Import Request.
  Time since last request: 119.519709 seconds.
  path: Assets/Scripts/Back Office/BackofficeController.cs
  artifactKey: Guid(2fb7263b66fcea04cbc044bd29c2c650) Importer(815301076,1909f56bfc062723c751e8b465ee728b)
Start importing Assets/Scripts/Back Office/BackofficeController.cs using Guid(2fb7263b66fcea04cbc044bd29c2c650) Importer(815301076,1909f56bfc062723c751e8b465ee728b) (PreviewImporter) -> (artifact id: '8410acccc9d37679b1ddefea7efa02aa') in 0.0197925 seconds
Number of updated asset objects reloaded before import = 0Number of asset objects unloaded after import = 0

========================================================================
Received Prepare
Begin MonoManager ReloadAssembly
- Loaded All Assemblies, in  4.277 seconds
Refreshing native plugins compatible for Editor in 17.00 ms, found 5 plugins.
Native extension for WindowsStandalone target not found
[Package Manager] Failed to launch server process. Reason: Unity was launched with the -noUpm command-line argument
[Package Manager] Unable to send message (not connected to server process).
[Package Manager] Cannot connect to Unity Package Manager local server
Mono: successfully reloaded assembly
- Finished resetting the current domain, in  2.505 seconds
Domain Reload Profiling: 6776ms
	BeginReloadAssembly (1038ms)
		ExecutionOrderSort (0ms)
		DisableScriptedObjects (118ms)
		BackupInstance (0ms)
		ReleaseScriptingObjects (1ms)
		CreateAndSetChildDomain (372ms)
	RebuildCommonClasses (140ms)
	RebuildNativeTypeToScriptingClass (31ms)
	initialDomainReloadingComplete (119ms)
	LoadAllAssembliesAndSetupDomain (2943ms)
		LoadAssemblies (1972ms)
		RebuildTransferFunctionScriptingTraits (0ms)
		AnalyzeDomain (1333ms)
			TypeCache.Refresh (101ms)
				TypeCache.ScanAssembly (3ms)
			BuildScriptInfoCaches (1114ms)
			ResolveRequiredComponents (59ms)
	FinalizeReload (2506ms)
		ReleaseScriptCaches (0ms)
		RebuildScriptCaches (0ms)
		SetupLoadedEditorAssemblies (2062ms)
			LogAssemblyErrors (0ms)
			InitializePlatformSupportModulesInManaged (8ms)
			SetLoadedEditorAssemblies (19ms)
			BeforeProcessingInitializeOnLoad (604ms)
			ProcessInitializeOnLoadAttributes (1215ms)
			ProcessInitializeOnLoadMethodAttributes (201ms)
			AfterProcessingInitializeOnLoad (13ms)
			EditorAssembliesLoaded (1ms)
		ExecutionOrderSort2 (0ms)
		AwakeInstancesAfterBackupRestoration (56ms)
Refreshing native plugins compatible for Editor in 6.11 ms, found 5 plugins.
Preloading 0 native plugins for Editor in 0.00 ms.
Unloading 13 Unused Serialized files (Serialized files now loaded: 0)
Unloading 6988 unused Assets / (4.5 MB). Loaded Objects now: 7978.
Memory consumption went from 155.9 MB to 151.4 MB.
Total: 26.510800 ms (FindLiveObjects: 2.547500 ms CreateObjectMapping: 2.528000 ms MarkObjects: 14.774800 ms  DeleteObjects: 6.656800 ms)

Prepare: number of updated asset objects reloaded= 0
========================================================================
Received Prepare
Begin MonoManager ReloadAssembly
- Loaded All Assemblies, in  2.306 seconds
Refreshing native plugins compatible for Editor in 10.95 ms, found 5 plugins.
Native extension for WindowsStandalone target not found
[Package Manager] Failed to launch server process. Reason: Unity was launched with the -noUpm command-line argument
[Package Manager] Unable to send message (not connected to server process).
[Package Manager] Cannot connect to Unity Package Manager local server
Mono: successfully reloaded assembly
- Finished resetting the current domain, in  2.559 seconds
Domain Reload Profiling: 4869ms
	BeginReloadAssembly (581ms)
		ExecutionOrderSort (0ms)
		DisableScriptedObjects (49ms)
		BackupInstance (0ms)
		ReleaseScriptingObjects (1ms)
		CreateAndSetChildDomain (145ms)
	RebuildCommonClasses (85ms)
	RebuildNativeTypeToScriptingClass (29ms)
	initialDomainReloadingComplete (71ms)
	LoadAllAssembliesAndSetupDomain (1543ms)
		LoadAssemblies (1202ms)
		RebuildTransferFunctionScriptingTraits (0ms)
		AnalyzeDomain (586ms)
			TypeCache.Refresh (17ms)
				TypeCache.ScanAssembly (0ms)
			BuildScriptInfoCaches (534ms)
			ResolveRequiredComponents (23ms)
	FinalizeReload (2560ms)
		ReleaseScriptCaches (0ms)
		RebuildScriptCaches (0ms)
		SetupLoadedEditorAssemblies (2095ms)
			LogAssemblyErrors (0ms)
			InitializePlatformSupportModulesInManaged (7ms)
			SetLoadedEditorAssemblies (18ms)
			BeforeProcessingInitializeOnLoad (604ms)
			ProcessInitializeOnLoadAttributes (1268ms)
			ProcessInitializeOnLoadMethodAttributes (189ms)
			AfterProcessingInitializeOnLoad (8ms)
			EditorAssembliesLoaded (1ms)
		ExecutionOrderSort2 (0ms)
		AwakeInstancesAfterBackupRestoration (49ms)
Refreshing native plugins compatible for Editor in 11.50 ms, found 5 plugins.
Preloading 0 native plugins for Editor in 0.00 ms.
Unloading 13 Unused Serialized files (Serialized files now loaded: 0)
Unloading 6988 unused Assets / (5.0 MB). Loaded Objects now: 7981.
Memory consumption went from 155.9 MB to 150.9 MB.
Total: 21.654700 ms (FindLiveObjects: 1.382900 ms CreateObjectMapping: 1.059300 ms MarkObjects: 11.678300 ms  DeleteObjects: 7.530900 ms)

Prepare: number of updated asset objects reloaded= 0
========================================================================
Received Prepare
Begin MonoManager ReloadAssembly
- Loaded All Assemblies, in  2.291 seconds
Refreshing native plugins compatible for Editor in 7.03 ms, found 5 plugins.
Native extension for WindowsStandalone target not found
[Package Manager] Failed to launch server process. Reason: Unity was launched with the -noUpm command-line argument
[Package Manager] Unable to send message (not connected to server process).
[Package Manager] Cannot connect to Unity Package Manager local server
Mono: successfully reloaded assembly
- Finished resetting the current domain, in  2.842 seconds
Domain Reload Profiling: 5140ms
	BeginReloadAssembly (561ms)
		ExecutionOrderSort (0ms)
		DisableScriptedObjects (40ms)
		BackupInstance (0ms)
		ReleaseScriptingObjects (0ms)
		CreateAndSetChildDomain (131ms)
	RebuildCommonClasses (98ms)
	RebuildNativeTypeToScriptingClass (22ms)
	initialDomainReloadingComplete (87ms)
	LoadAllAssembliesAndSetupDomain (1530ms)
		LoadAssemblies (1193ms)
		RebuildTransferFunctionScriptingTraits (0ms)
		AnalyzeDomain (588ms)
			TypeCache.Refresh (16ms)
				TypeCache.ScanAssembly (0ms)
			BuildScriptInfoCaches (521ms)
			ResolveRequiredComponents (39ms)
	FinalizeReload (2843ms)
		ReleaseScriptCaches (0ms)
		RebuildScriptCaches (0ms)
		SetupLoadedEditorAssemblies (2363ms)
			LogAssemblyErrors (0ms)
			InitializePlatformSupportModulesInManaged (8ms)
			SetLoadedEditorAssemblies (38ms)
			BeforeProcessingInitializeOnLoad (687ms)
			ProcessInitializeOnLoadAttributes (1348ms)
			ProcessInitializeOnLoadMethodAttributes (264ms)
			AfterProcessingInitializeOnLoad (17ms)
			EditorAssembliesLoaded (1ms)
		ExecutionOrderSort2 (0ms)
		AwakeInstancesAfterBackupRestoration (60ms)
Refreshing native plugins compatible for Editor in 5.67 ms, found 5 plugins.
Preloading 0 native plugins for Editor in 0.00 ms.
Unloading 13 Unused Serialized files (Serialized files now loaded: 0)
Unloading 6988 unused Assets / (7.1 MB). Loaded Objects now: 7984.
Memory consumption went from 156.0 MB to 148.8 MB.
Total: 27.438500 ms (FindLiveObjects: 2.413800 ms CreateObjectMapping: 2.156600 ms MarkObjects: 10.151100 ms  DeleteObjects: 12.714200 ms)

Prepare: number of updated asset objects reloaded= 0
========================================================================
Received Import Request.
  Time since last request: 486.754785 seconds.
  path: Assets/Scenes/MainCasinoFloor.unity
  artifactKey: Guid(837bf0afdc4a32645ac0d8f5fe7d61b6) Importer(815301076,1909f56bfc062723c751e8b465ee728b)
Start importing Assets/Scenes/MainCasinoFloor.unity using Guid(837bf0afdc4a32645ac0d8f5fe7d61b6) Importer(815301076,1909f56bfc062723c751e8b465ee728b) (PreviewImporter) -> (artifact id: '151b1f9e689adc5dbeb7c7770f6b02ec') in 0.0160903 seconds
Number of updated asset objects reloaded before import = 0Number of asset objects unloaded after import = 0

========================================================================
Received Import Request.
  Time since last request: 175.642347 seconds.
  path: Assets/Scripts/Main Casino Floor/MainCasinoFloorController.cs
  artifactKey: Guid(ea2f4e3bc0f5e614785b61edd08e49fd) Importer(815301076,1909f56bfc062723c751e8b465ee728b)
Start importing Assets/Scripts/Main Casino Floor/MainCasinoFloorController.cs using Guid(ea2f4e3bc0f5e614785b61edd08e49fd) Importer(815301076,1909f56bfc062723c751e8b465ee728b) (PreviewImporter) -> (artifact id: '18a9919903ac0a0f9819a03f79932265') in 0.0163837 seconds
Number of updated asset objects reloaded before import = 0Number of asset objects unloaded after import = 0

========================================================================
Received Prepare
Refreshing native plugins compatible for Editor in 24.80 ms, found 5 plugins.
Preloading 0 native plugins for Editor in 0.00 ms.
Unloading 13 Unused Serialized files (Serialized files now loaded: 0)
Unloading 6972 unused Assets / (5.9 MB). Loaded Objects now: 7984.
Memory consumption went from 156.1 MB to 150.2 MB.
Total: 137.905600 ms (FindLiveObjects: 5.012900 ms CreateObjectMapping: 3.068900 ms MarkObjects: 121.610500 ms  DeleteObjects: 8.208100 ms)

Prepare: number of updated asset objects reloaded= 0
========================================================================
Received Prepare
Begin MonoManager ReloadAssembly
- Loaded All Assemblies, in 14.812 seconds
Refreshing native plugins compatible for Editor in 12.68 ms, found 5 plugins.
Native extension for WindowsStandalone target not found
[Package Manager] Failed to launch server process. Reason: Unity was launched with the -noUpm command-line argument
[Package Manager] Unable to send message (not connected to server process).
[Package Manager] Cannot connect to Unity Package Manager local server
Mono: successfully reloaded assembly
- Finished resetting the current domain, in  2.633 seconds
Domain Reload Profiling: 17453ms
	BeginReloadAssembly (2541ms)
		ExecutionOrderSort (0ms)
		DisableScriptedObjects (110ms)
		BackupInstance (0ms)
		ReleaseScriptingObjects (1ms)
		CreateAndSetChildDomain (369ms)
	RebuildCommonClasses (610ms)
	RebuildNativeTypeToScriptingClass (33ms)
	initialDomainReloadingComplete (106ms)
	LoadAllAssembliesAndSetupDomain (11529ms)
		LoadAssemblies (11900ms)
		RebuildTransferFunctionScriptingTraits (0ms)
		AnalyzeDomain (1482ms)
			TypeCache.Refresh (42ms)
				TypeCache.ScanAssembly (1ms)
			BuildScriptInfoCaches (1387ms)
			ResolveRequiredComponents (29ms)
	FinalizeReload (2635ms)
		ReleaseScriptCaches (0ms)
		RebuildScriptCaches (0ms)
		SetupLoadedEditorAssemblies (2133ms)
			LogAssemblyErrors (0ms)
			InitializePlatformSupportModulesInManaged (8ms)
			SetLoadedEditorAssemblies (28ms)
			BeforeProcessingInitializeOnLoad (608ms)
			ProcessInitializeOnLoadAttributes (1288ms)
			ProcessInitializeOnLoadMethodAttributes (185ms)
			AfterProcessingInitializeOnLoad (15ms)
			EditorAssembliesLoaded (1ms)
		ExecutionOrderSort2 (0ms)
		AwakeInstancesAfterBackupRestoration (34ms)
Refreshing native plugins compatible for Editor in 9.94 ms, found 5 plugins.
Preloading 0 native plugins for Editor in 0.00 ms.
Unloading 13 Unused Serialized files (Serialized files now loaded: 0)
Unloading 6988 unused Assets / (5.7 MB). Loaded Objects now: 7987.
Memory consumption went from 156.0 MB to 150.3 MB.
Total: 25.858500 ms (FindLiveObjects: 2.172300 ms CreateObjectMapping: 1.038100 ms MarkObjects: 13.284900 ms  DeleteObjects: 9.359600 ms)

Prepare: number of updated asset objects reloaded= 0
========================================================================
Received Prepare
Begin MonoManager ReloadAssembly
- Loaded All Assemblies, in  2.134 seconds
Refreshing native plugins compatible for Editor in 5.70 ms, found 5 plugins.
Native extension for WindowsStandalone target not found
[Package Manager] Failed to launch server process. Reason: Unity was launched with the -noUpm command-line argument
[Package Manager] Unable to send message (not connected to server process).
[Package Manager] Cannot connect to Unity Package Manager local server
Mono: successfully reloaded assembly
- Finished resetting the current domain, in  2.467 seconds
Domain Reload Profiling: 4599ms
	BeginReloadAssembly (553ms)
		ExecutionOrderSort (0ms)
		DisableScriptedObjects (46ms)
		BackupInstance (0ms)
		ReleaseScriptingObjects (0ms)
		CreateAndSetChildDomain (142ms)
	RebuildCommonClasses (99ms)
	RebuildNativeTypeToScriptingClass (31ms)
	initialDomainReloadingComplete (89ms)
	LoadAllAssembliesAndSetupDomain (1359ms)
		LoadAssemblies (1061ms)
		RebuildTransferFunctionScriptingTraits (0ms)
		AnalyzeDomain (539ms)
			TypeCache.Refresh (16ms)
				TypeCache.ScanAssembly (0ms)
			BuildScriptInfoCaches (480ms)
			ResolveRequiredComponents (32ms)
	FinalizeReload (2468ms)
		ReleaseScriptCaches (0ms)
		RebuildScriptCaches (0ms)
		SetupLoadedEditorAssemblies (2032ms)
			LogAssemblyErrors (0ms)
			InitializePlatformSupportModulesInManaged (7ms)
			SetLoadedEditorAssemblies (18ms)
			BeforeProcessingInitializeOnLoad (576ms)
			ProcessInitializeOnLoadAttributes (1196ms)
			ProcessInitializeOnLoadMethodAttributes (215ms)
			AfterProcessingInitializeOnLoad (17ms)
			EditorAssembliesLoaded (1ms)
		ExecutionOrderSort2 (0ms)
		AwakeInstancesAfterBackupRestoration (41ms)
Refreshing native plugins compatible for Editor in 12.57 ms, found 5 plugins.
Preloading 0 native plugins for Editor in 0.00 ms.
Unloading 13 Unused Serialized files (Serialized files now loaded: 0)
Unloading 6988 unused Assets / (6.2 MB). Loaded Objects now: 7990.
Memory consumption went from 156.0 MB to 149.8 MB.
Total: 39.548200 ms (FindLiveObjects: 2.906400 ms CreateObjectMapping: 2.474600 ms MarkObjects: 20.683400 ms  DeleteObjects: 13.479700 ms)

Prepare: number of updated asset objects reloaded= 0
========================================================================
Received Prepare
Begin MonoManager ReloadAssembly
- Loaded All Assemblies, in  2.227 seconds
Refreshing native plugins compatible for Editor in 9.59 ms, found 5 plugins.
Native extension for WindowsStandalone target not found
[Package Manager] Failed to launch server process. Reason: Unity was launched with the -noUpm command-line argument
[Package Manager] Unable to send message (not connected to server process).
[Package Manager] Cannot connect to Unity Package Manager local server
Mono: successfully reloaded assembly
- Finished resetting the current domain, in  2.729 seconds
Domain Reload Profiling: 4961ms
	BeginReloadAssembly (583ms)
		ExecutionOrderSort (0ms)
		DisableScriptedObjects (52ms)
		BackupInstance (0ms)
		ReleaseScriptingObjects (0ms)
		CreateAndSetChildDomain (116ms)
	RebuildCommonClasses (104ms)
	RebuildNativeTypeToScriptingClass (33ms)
	initialDomainReloadingComplete (77ms)
	LoadAllAssembliesAndSetupDomain (1433ms)
		LoadAssemblies (1133ms)
		RebuildTransferFunctionScriptingTraits (0ms)
		AnalyzeDomain (577ms)
			TypeCache.Refresh (18ms)
				TypeCache.ScanAssembly (0ms)
			BuildScriptInfoCaches (523ms)
			ResolveRequiredComponents (25ms)
	FinalizeReload (2730ms)
		ReleaseScriptCaches (0ms)
		RebuildScriptCaches (0ms)
		SetupLoadedEditorAssemblies (2213ms)
			LogAssemblyErrors (0ms)
			InitializePlatformSupportModulesInManaged (7ms)
			SetLoadedEditorAssemblies (23ms)
			BeforeProcessingInitializeOnLoad (605ms)
			ProcessInitializeOnLoadAttributes (1304ms)
			ProcessInitializeOnLoadMethodAttributes (256ms)
			AfterProcessingInitializeOnLoad (17ms)
			EditorAssembliesLoaded (1ms)
		ExecutionOrderSort2 (0ms)
		AwakeInstancesAfterBackupRestoration (50ms)
Refreshing native plugins compatible for Editor in 7.61 ms, found 5 plugins.
Preloading 0 native plugins for Editor in 0.00 ms.
Unloading 13 Unused Serialized files (Serialized files now loaded: 0)
Unloading 6988 unused Assets / (5.7 MB). Loaded Objects now: 7993.
Memory consumption went from 156.1 MB to 150.4 MB.
Total: 40.358000 ms (FindLiveObjects: 1.687600 ms CreateObjectMapping: 2.478200 ms MarkObjects: 13.886400 ms  DeleteObjects: 22.302700 ms)

Prepare: number of updated asset objects reloaded= 0
========================================================================
Received Prepare
Refreshing native plugins compatible for Editor in 8.05 ms, found 5 plugins.
Preloading 0 native plugins for Editor in 0.00 ms.
Unloading 13 Unused Serialized files (Serialized files now loaded: 0)
Unloading 6972 unused Assets / (5.2 MB). Loaded Objects now: 7993.
Memory consumption went from 156.2 MB to 151.0 MB.
Total: 28.766800 ms (FindLiveObjects: 1.377500 ms CreateObjectMapping: 1.495400 ms MarkObjects: 17.295900 ms  DeleteObjects: 8.593400 ms)

Prepare: number of updated asset objects reloaded= 0
========================================================================
Received Prepare
Begin MonoManager ReloadAssembly
- Loaded All Assemblies, in  2.241 seconds
Refreshing native plugins compatible for Editor in 8.24 ms, found 5 plugins.
Native extension for WindowsStandalone target not found
[Package Manager] Failed to launch server process. Reason: Unity was launched with the -noUpm command-line argument
[Package Manager] Unable to send message (not connected to server process).
[Package Manager] Cannot connect to Unity Package Manager local server
Mono: successfully reloaded assembly
- Finished resetting the current domain, in  2.475 seconds
Domain Reload Profiling: 4722ms
	BeginReloadAssembly (563ms)
		ExecutionOrderSort (0ms)
		DisableScriptedObjects (52ms)
		BackupInstance (0ms)
		ReleaseScriptingObjects (1ms)
		CreateAndSetChildDomain (145ms)
	RebuildCommonClasses (81ms)
	RebuildNativeTypeToScriptingClass (33ms)
	initialDomainReloadingComplete (85ms)
	LoadAllAssembliesAndSetupDomain (1484ms)
		LoadAssemblies (1116ms)
		RebuildTransferFunctionScriptingTraits (0ms)
		AnalyzeDomain (604ms)
			TypeCache.Refresh (25ms)
				TypeCache.ScanAssembly (1ms)
			BuildScriptInfoCaches (536ms)
			ResolveRequiredComponents (30ms)
	FinalizeReload (2477ms)
		ReleaseScriptCaches (0ms)
		RebuildScriptCaches (0ms)
		SetupLoadedEditorAssemblies (2019ms)
			LogAssemblyErrors (0ms)
			InitializePlatformSupportModulesInManaged (8ms)
			SetLoadedEditorAssemblies (20ms)
			BeforeProcessingInitializeOnLoad (648ms)
			ProcessInitializeOnLoadAttributes (1121ms)
			ProcessInitializeOnLoadMethodAttributes (201ms)
			AfterProcessingInitializeOnLoad (20ms)
			EditorAssembliesLoaded (1ms)
		ExecutionOrderSort2 (0ms)
		AwakeInstancesAfterBackupRestoration (47ms)
Refreshing native plugins compatible for Editor in 11.57 ms, found 5 plugins.
Preloading 0 native plugins for Editor in 0.00 ms.
Unloading 13 Unused Serialized files (Serialized files now loaded: 0)
Unloading 6988 unused Assets / (4.5 MB). Loaded Objects now: 7996.
Memory consumption went from 156.1 MB to 151.6 MB.
Total: 21.415800 ms (FindLiveObjects: 2.060300 ms CreateObjectMapping: 1.903200 ms MarkObjects: 11.894600 ms  DeleteObjects: 5.554200 ms)

Prepare: number of updated asset objects reloaded= 0
========================================================================
Received Prepare
Begin MonoManager ReloadAssembly
- Loaded All Assemblies, in  2.268 seconds
Refreshing native plugins compatible for Editor in 6.28 ms, found 5 plugins.
Native extension for WindowsStandalone target not found
[Package Manager] Failed to launch server process. Reason: Unity was launched with the -noUpm command-line argument
[Package Manager] Unable to send message (not connected to server process).
[Package Manager] Cannot connect to Unity Package Manager local server
Mono: successfully reloaded assembly
- Finished resetting the current domain, in  2.625 seconds
Domain Reload Profiling: 4895ms
	BeginReloadAssembly (551ms)
		ExecutionOrderSort (0ms)
		DisableScriptedObjects (50ms)
		BackupInstance (0ms)
		ReleaseScriptingObjects (0ms)
		CreateAndSetChildDomain (138ms)
	RebuildCommonClasses (104ms)
	RebuildNativeTypeToScriptingClass (41ms)
	initialDomainReloadingComplete (112ms)
	LoadAllAssembliesAndSetupDomain (1460ms)
		LoadAssemblies (1148ms)
		RebuildTransferFunctionScriptingTraits (0ms)
		AnalyzeDomain (547ms)
			TypeCache.Refresh (20ms)
				TypeCache.ScanAssembly (0ms)
			BuildScriptInfoCaches (489ms)
			ResolveRequiredComponents (24ms)
	FinalizeReload (2626ms)
		ReleaseScriptCaches (0ms)
		RebuildScriptCaches (0ms)
		SetupLoadedEditorAssemblies (2186ms)
			LogAssemblyErrors (0ms)
			InitializePlatformSupportModulesInManaged (7ms)
			SetLoadedEditorAssemblies (24ms)
			BeforeProcessingInitializeOnLoad (596ms)
			ProcessInitializeOnLoadAttributes (1329ms)
			ProcessInitializeOnLoadMethodAttributes (211ms)
			AfterProcessingInitializeOnLoad (17ms)
			EditorAssembliesLoaded (1ms)
		ExecutionOrderSort2 (0ms)
		AwakeInstancesAfterBackupRestoration (61ms)
Refreshing native plugins compatible for Editor in 9.75 ms, found 5 plugins.
Preloading 0 native plugins for Editor in 0.00 ms.
Unloading 13 Unused Serialized files (Serialized files now loaded: 0)
Unloading 6988 unused Assets / (5.2 MB). Loaded Objects now: 7999.
Memory consumption went from 156.2 MB to 151.0 MB.
Total: 23.632300 ms (FindLiveObjects: 2.065400 ms CreateObjectMapping: 2.129600 ms MarkObjects: 12.172800 ms  DeleteObjects: 7.260700 ms)

Prepare: number of updated asset objects reloaded= 0
========================================================================
Received Prepare
Begin MonoManager ReloadAssembly
- Loaded All Assemblies, in  2.121 seconds
Refreshing native plugins compatible for Editor in 6.90 ms, found 5 plugins.
Native extension for WindowsStandalone target not found
[Package Manager] Failed to launch server process. Reason: Unity was launched with the -noUpm command-line argument
[Package Manager] Unable to send message (not connected to server process).
[Package Manager] Cannot connect to Unity Package Manager local server
Mono: successfully reloaded assembly
- Finished resetting the current domain, in  2.931 seconds
Domain Reload Profiling: 5058ms
	BeginReloadAssembly (513ms)
		ExecutionOrderSort (0ms)
		DisableScriptedObjects (50ms)
		BackupInstance (0ms)
		ReleaseScriptingObjects (0ms)
		CreateAndSetChildDomain (121ms)
	RebuildCommonClasses (82ms)
	RebuildNativeTypeToScriptingClass (35ms)
	initialDomainReloadingComplete (72ms)
	LoadAllAssembliesAndSetupDomain (1422ms)
		LoadAssemblies (1086ms)
		RebuildTransferFunctionScriptingTraits (0ms)
		AnalyzeDomain (562ms)
			TypeCache.Refresh (19ms)
				TypeCache.ScanAssembly (0ms)
			BuildScriptInfoCaches (501ms)
			ResolveRequiredComponents (32ms)
	FinalizeReload (2932ms)
		ReleaseScriptCaches (0ms)
		RebuildScriptCaches (0ms)
		SetupLoadedEditorAssemblies (2499ms)
			LogAssemblyErrors (0ms)
			InitializePlatformSupportModulesInManaged (6ms)
			SetLoadedEditorAssemblies (26ms)
			BeforeProcessingInitializeOnLoad (581ms)
			ProcessInitializeOnLoadAttributes (1709ms)
			ProcessInitializeOnLoadMethodAttributes (168ms)
			AfterProcessingInitializeOnLoad (8ms)
			EditorAssembliesLoaded (1ms)
		ExecutionOrderSort2 (0ms)
		AwakeInstancesAfterBackupRestoration (32ms)
Refreshing native plugins compatible for Editor in 13.92 ms, found 5 plugins.
Preloading 0 native plugins for Editor in 0.00 ms.
Unloading 13 Unused Serialized files (Serialized files now loaded: 0)
Unloading 6988 unused Assets / (5.1 MB). Loaded Objects now: 8002.
Memory consumption went from 156.2 MB to 151.1 MB.
Total: 28.431200 ms (FindLiveObjects: 1.918800 ms CreateObjectMapping: 2.175200 ms MarkObjects: 13.734500 ms  DeleteObjects: 10.598700 ms)

Prepare: number of updated asset objects reloaded= 0
========================================================================
Received Prepare
Begin MonoManager ReloadAssembly
- Loaded All Assemblies, in  2.143 seconds
Refreshing native plugins compatible for Editor in 8.07 ms, found 5 plugins.
Native extension for WindowsStandalone target not found
[Package Manager] Failed to launch server process. Reason: Unity was launched with the -noUpm command-line argument
[Package Manager] Unable to send message (not connected to server process).
[Package Manager] Cannot connect to Unity Package Manager local server
Mono: successfully reloaded assembly
- Finished resetting the current domain, in  2.462 seconds
Domain Reload Profiling: 4609ms
	BeginReloadAssembly (500ms)
		ExecutionOrderSort (0ms)
		DisableScriptedObjects (36ms)
		BackupInstance (0ms)
		ReleaseScriptingObjects (0ms)
		CreateAndSetChildDomain (115ms)
	RebuildCommonClasses (90ms)
	RebuildNativeTypeToScriptingClass (33ms)
	initialDomainReloadingComplete (78ms)
	LoadAllAssembliesAndSetupDomain (1446ms)
		LoadAssemblies (1082ms)
		RebuildTransferFunctionScriptingTraits (0ms)
		AnalyzeDomain (584ms)
			TypeCache.Refresh (20ms)
				TypeCache.ScanAssembly (0ms)
			BuildScriptInfoCaches (521ms)
			ResolveRequiredComponents (31ms)
	FinalizeReload (2464ms)
		ReleaseScriptCaches (0ms)
		RebuildScriptCaches (0ms)
		SetupLoadedEditorAssemblies (2027ms)
			LogAssemblyErrors (0ms)
			InitializePlatformSupportModulesInManaged (5ms)
			SetLoadedEditorAssemblies (21ms)
			BeforeProcessingInitializeOnLoad (597ms)
			ProcessInitializeOnLoadAttributes (1223ms)
			ProcessInitializeOnLoadMethodAttributes (172ms)
			AfterProcessingInitializeOnLoad (9ms)
			EditorAssembliesLoaded (1ms)
		ExecutionOrderSort2 (0ms)
		AwakeInstancesAfterBackupRestoration (45ms)
Refreshing native plugins compatible for Editor in 15.39 ms, found 5 plugins.
Preloading 0 native plugins for Editor in 0.00 ms.
Unloading 13 Unused Serialized files (Serialized files now loaded: 0)
Unloading 6988 unused Assets / (5.1 MB). Loaded Objects now: 8005.
Memory consumption went from 156.2 MB to 151.1 MB.
Total: 25.417500 ms (FindLiveObjects: 2.314200 ms CreateObjectMapping: 1.578700 ms MarkObjects: 13.496700 ms  DeleteObjects: 8.022900 ms)

Prepare: number of updated asset objects reloaded= 0
========================================================================
Received Prepare
Refreshing native plugins compatible for Editor in 14.94 ms, found 5 plugins.
Preloading 0 native plugins for Editor in 0.00 ms.
Unloading 13 Unused Serialized files (Serialized files now loaded: 0)
Unloading 6972 unused Assets / (5.9 MB). Loaded Objects now: 8005.
Memory consumption went from 156.3 MB to 150.5 MB.
Total: 38.577100 ms (FindLiveObjects: 3.808900 ms CreateObjectMapping: 2.617000 ms MarkObjects: 21.394000 ms  DeleteObjects: 10.751800 ms)

Prepare: number of updated asset objects reloaded= 0
========================================================================
Received Prepare
Begin MonoManager ReloadAssembly
- Loaded All Assemblies, in  2.917 seconds
Refreshing native plugins compatible for Editor in 9.09 ms, found 5 plugins.
Native extension for WindowsStandalone target not found
[Package Manager] Failed to launch server process. Reason: Unity was launched with the -noUpm command-line argument
[Package Manager] Unable to send message (not connected to server process).
[Package Manager] Cannot connect to Unity Package Manager local server
Mono: successfully reloaded assembly
- Finished resetting the current domain, in  2.777 seconds
Domain Reload Profiling: 5695ms
	BeginReloadAssembly (717ms)
		ExecutionOrderSort (0ms)
		DisableScriptedObjects (54ms)
		BackupInstance (0ms)
		ReleaseScriptingObjects (1ms)
		CreateAndSetChildDomain (154ms)
	RebuildCommonClasses (94ms)
	RebuildNativeTypeToScriptingClass (37ms)
	initialDomainReloadingComplete (96ms)
	LoadAllAssembliesAndSetupDomain (1973ms)
		LoadAssemblies (1525ms)
		RebuildTransferFunctionScriptingTraits (0ms)
		AnalyzeDomain (812ms)
			TypeCache.Refresh (34ms)
				TypeCache.ScanAssembly (1ms)
			BuildScriptInfoCaches (718ms)
			ResolveRequiredComponents (37ms)
	FinalizeReload (2779ms)
		ReleaseScriptCaches (0ms)
		RebuildScriptCaches (0ms)
		SetupLoadedEditorAssemblies (2272ms)
			LogAssemblyErrors (0ms)
			InitializePlatformSupportModulesInManaged (8ms)
			SetLoadedEditorAssemblies (28ms)
			BeforeProcessingInitializeOnLoad (671ms)
			ProcessInitializeOnLoadAttributes (1374ms)
			ProcessInitializeOnLoadMethodAttributes (180ms)
			AfterProcessingInitializeOnLoad (10ms)
			EditorAssembliesLoaded (1ms)
		ExecutionOrderSort2 (0ms)
		AwakeInstancesAfterBackupRestoration (48ms)
Refreshing native plugins compatible for Editor in 10.32 ms, found 5 plugins.
Preloading 0 native plugins for Editor in 0.00 ms.
Unloading 13 Unused Serialized files (Serialized files now loaded: 0)
Unloading 6988 unused Assets / (5.3 MB). Loaded Objects now: 8008.
Memory consumption went from 156.3 MB to 151.0 MB.
Total: 26.658400 ms (FindLiveObjects: 2.012100 ms CreateObjectMapping: 1.919800 ms MarkObjects: 13.209900 ms  DeleteObjects: 9.512500 ms)

Prepare: number of updated asset objects reloaded= 0
========================================================================
Received Import Request.
  Time since last request: 1467.102574 seconds.
  path: Assets/Scripts/VIP Room
  artifactKey: Guid(786d38ae64e532f448d77f493c36b384) Importer(815301076,1909f56bfc062723c751e8b465ee728b)
Start importing Assets/Scripts/VIP Room using Guid(786d38ae64e532f448d77f493c36b384) Importer(815301076,1909f56bfc062723c751e8b465ee728b) (PreviewImporter) -> (artifact id: '319557769a0c36bd73e3f92fd87d0c33') in 0.0509894 seconds
Number of updated asset objects reloaded before import = 0Number of asset objects unloaded after import = 0

========================================================================
Received Prepare
Refreshing native plugins compatible for Editor in 16.07 ms, found 5 plugins.
Preloading 0 native plugins for Editor in 0.00 ms.
Unloading 13 Unused Serialized files (Serialized files now loaded: 0)
Unloading 6973 unused Assets / (5.3 MB). Loaded Objects now: 8009.
Memory consumption went from 156.4 MB to 151.2 MB.
Total: 31.514100 ms (FindLiveObjects: 2.306000 ms CreateObjectMapping: 2.948000 ms MarkObjects: 16.845200 ms  DeleteObjects: 9.410400 ms)

Prepare: number of updated asset objects reloaded= 0
========================================================================
Received Prepare
Begin MonoManager ReloadAssembly
- Loaded All Assemblies, in  2.640 seconds
Refreshing native plugins compatible for Editor in 10.48 ms, found 5 plugins.
Native extension for WindowsStandalone target not found
[Package Manager] Failed to launch server process. Reason: Unity was launched with the -noUpm command-line argument
[Package Manager] Unable to send message (not connected to server process).
[Package Manager] Cannot connect to Unity Package Manager local server
Mono: successfully reloaded assembly
- Finished resetting the current domain, in  2.835 seconds
Domain Reload Profiling: 5479ms
	BeginReloadAssembly (678ms)
		ExecutionOrderSort (0ms)
		DisableScriptedObjects (38ms)
		BackupInstance (0ms)
		ReleaseScriptingObjects (1ms)
		CreateAndSetChildDomain (157ms)
	RebuildCommonClasses (106ms)
	RebuildNativeTypeToScriptingClass (30ms)
	initialDomainReloadingComplete (118ms)
	LoadAllAssembliesAndSetupDomain (1712ms)
		LoadAssemblies (1409ms)
		RebuildTransferFunctionScriptingTraits (0ms)
		AnalyzeDomain (637ms)
			TypeCache.Refresh (28ms)
				TypeCache.ScanAssembly (1ms)
			BuildScriptInfoCaches (568ms)
			ResolveRequiredComponents (29ms)
	FinalizeReload (2836ms)
		ReleaseScriptCaches (0ms)
		RebuildScriptCaches (0ms)
		SetupLoadedEditorAssemblies (2341ms)
			LogAssemblyErrors (0ms)
			InitializePlatformSupportModulesInManaged (6ms)
			SetLoadedEditorAssemblies (22ms)
			BeforeProcessingInitializeOnLoad (659ms)
			ProcessInitializeOnLoadAttributes (1445ms)
			ProcessInitializeOnLoadMethodAttributes (201ms)
			AfterProcessingInitializeOnLoad (8ms)
			EditorAssembliesLoaded (1ms)
		ExecutionOrderSort2 (0ms)
		AwakeInstancesAfterBackupRestoration (53ms)
Refreshing native plugins compatible for Editor in 4.35 ms, found 5 plugins.
Preloading 0 native plugins for Editor in 0.00 ms.
Unloading 13 Unused Serialized files (Serialized files now loaded: 0)
Unloading 6989 unused Assets / (4.9 MB). Loaded Objects now: 8012.
Memory consumption went from 156.3 MB to 151.5 MB.
Total: 20.469700 ms (FindLiveObjects: 2.168300 ms CreateObjectMapping: 0.954800 ms MarkObjects: 12.605200 ms  DeleteObjects: 4.737500 ms)

Prepare: number of updated asset objects reloaded= 0
========================================================================
Received Prepare
Refreshing native plugins compatible for Editor in 22.94 ms, found 5 plugins.
Preloading 0 native plugins for Editor in 0.00 ms.
Unloading 13 Unused Serialized files (Serialized files now loaded: 0)
Unloading 6973 unused Assets / (6.0 MB). Loaded Objects now: 8012.
Memory consumption went from 156.5 MB to 150.5 MB.
Total: 39.404000 ms (FindLiveObjects: 2.720800 ms CreateObjectMapping: 3.577800 ms MarkObjects: 18.098400 ms  DeleteObjects: 15.002300 ms)

Prepare: number of updated asset objects reloaded= 0
========================================================================
Received Import Request.
  Time since last request: 161.835442 seconds.
  path: Assets/Scripts/VIP Room/VIPRoomController.cs
  artifactKey: Guid(6e25b281edf862041ba6b0e661bbf999) Importer(815301076,1909f56bfc062723c751e8b465ee728b)
Start importing Assets/Scripts/VIP Room/VIPRoomController.cs using Guid(6e25b281edf862041ba6b0e661bbf999) Importer(815301076,1909f56bfc062723c751e8b465ee728b) (PreviewImporter) -> (artifact id: '72c7bec413fc6dc087edf7694a8abbf9') in 0.0245175 seconds
Number of updated asset objects reloaded before import = 0Number of asset objects unloaded after import = 0

========================================================================
Received Prepare
Begin MonoManager ReloadAssembly
- Loaded All Assemblies, in  2.380 seconds
Refreshing native plugins compatible for Editor in 8.61 ms, found 5 plugins.
Native extension for WindowsStandalone target not found
[Package Manager] Failed to launch server process. Reason: Unity was launched with the -noUpm command-line argument
[Package Manager] Unable to send message (not connected to server process).
[Package Manager] Cannot connect to Unity Package Manager local server
Mono: successfully reloaded assembly
- Finished resetting the current domain, in  2.335 seconds
Domain Reload Profiling: 4712ms
	BeginReloadAssembly (714ms)
		ExecutionOrderSort (0ms)
		DisableScriptedObjects (49ms)
		BackupInstance (0ms)
		ReleaseScriptingObjects (0ms)
		CreateAndSetChildDomain (258ms)
	RebuildCommonClasses (101ms)
	RebuildNativeTypeToScriptingClass (35ms)
	initialDomainReloadingComplete (71ms)
	LoadAllAssembliesAndSetupDomain (1455ms)
		LoadAssemblies (1145ms)
		RebuildTransferFunctionScriptingTraits (0ms)
		AnalyzeDomain (564ms)
			TypeCache.Refresh (22ms)
				TypeCache.ScanAssembly (1ms)
			BuildScriptInfoCaches (495ms)
			ResolveRequiredComponents (33ms)
	FinalizeReload (2336ms)
		ReleaseScriptCaches (0ms)
		RebuildScriptCaches (0ms)
		SetupLoadedEditorAssemblies (1878ms)
			LogAssemblyErrors (0ms)
			InitializePlatformSupportModulesInManaged (8ms)
			SetLoadedEditorAssemblies (25ms)
			BeforeProcessingInitializeOnLoad (605ms)
			ProcessInitializeOnLoadAttributes (1055ms)
			ProcessInitializeOnLoadMethodAttributes (174ms)
			AfterProcessingInitializeOnLoad (10ms)
			EditorAssembliesLoaded (1ms)
		ExecutionOrderSort2 (0ms)
		AwakeInstancesAfterBackupRestoration (34ms)
Refreshing native plugins compatible for Editor in 10.48 ms, found 5 plugins.
Preloading 0 native plugins for Editor in 0.00 ms.
Unloading 13 Unused Serialized files (Serialized files now loaded: 0)
Unloading 6989 unused Assets / (4.7 MB). Loaded Objects now: 8015.
Memory consumption went from 156.4 MB to 151.7 MB.
Total: 19.249600 ms (FindLiveObjects: 1.613900 ms CreateObjectMapping: 1.249000 ms MarkObjects: 10.911700 ms  DeleteObjects: 5.470300 ms)

Prepare: number of updated asset objects reloaded= 0
========================================================================
Received Import Request.
  Time since last request: 58.896107 seconds.
  path: Assets/ScriptableObjects/Items
  artifactKey: Guid(4d31eebc6a988374f8e6bc6d361cfe1d) Importer(815301076,1909f56bfc062723c751e8b465ee728b)
Start importing Assets/ScriptableObjects/Items using Guid(4d31eebc6a988374f8e6bc6d361cfe1d) Importer(815301076,1909f56bfc062723c751e8b465ee728b) (PreviewImporter) -> (artifact id: '15b66f8e0ea875a4c4fd321a915d8330') in 0.0099497 seconds
Number of updated asset objects reloaded before import = 0Number of asset objects unloaded after import = 0

========================================================================
Received Import Request.
  Time since last request: 31.712192 seconds.
  path: Assets/ScriptableObjects/Items/Item_HouseLedger 1.asset
  artifactKey: Guid(36239244fa59b1741b39b7c7fd3d2010) Importer(815301076,1909f56bfc062723c751e8b465ee728b)
Start importing Assets/ScriptableObjects/Items/Item_HouseLedger 1.asset using Guid(36239244fa59b1741b39b7c7fd3d2010) Importer(815301076,1909f56bfc062723c751e8b465ee728b) (PreviewImporter) -> (artifact id: '444704b1e4d1d8b697bbdc5077933807') in 0.0764245 seconds
Number of updated asset objects reloaded before import = 0Number of asset objects unloaded after import = 1

========================================================================
Received Prepare
Begin MonoManager ReloadAssembly
- Loaded All Assemblies, in  3.711 seconds
Refreshing native plugins compatible for Editor in 11.81 ms, found 5 plugins.
Native extension for WindowsStandalone target not found
[Package Manager] Failed to launch server process. Reason: Unity was launched with the -noUpm command-line argument
[Package Manager] Unable to send message (not connected to server process).
[Package Manager] Cannot connect to Unity Package Manager local server
Mono: successfully reloaded assembly
- Finished resetting the current domain, in  3.504 seconds
Domain Reload Profiling: 7226ms
	BeginReloadAssembly (1212ms)
		ExecutionOrderSort (1ms)
		DisableScriptedObjects (151ms)
		BackupInstance (0ms)
		ReleaseScriptingObjects (1ms)
		CreateAndSetChildDomain (375ms)
	RebuildCommonClasses (123ms)
	RebuildNativeTypeToScriptingClass (32ms)
	initialDomainReloadingComplete (100ms)
	LoadAllAssembliesAndSetupDomain (2252ms)
		LoadAssemblies (1904ms)
		RebuildTransferFunctionScriptingTraits (0ms)
		AnalyzeDomain (770ms)
			TypeCache.Refresh (31ms)
				TypeCache.ScanAssembly (0ms)
			BuildScriptInfoCaches (682ms)
			ResolveRequiredComponents (37ms)
	FinalizeReload (3506ms)
		ReleaseScriptCaches (0ms)
		RebuildScriptCaches (0ms)
		SetupLoadedEditorAssemblies (2825ms)
			LogAssemblyErrors (0ms)
			InitializePlatformSupportModulesInManaged (11ms)
			SetLoadedEditorAssemblies (38ms)
			BeforeProcessingInitializeOnLoad (790ms)
			ProcessInitializeOnLoadAttributes (1732ms)
			ProcessInitializeOnLoadMethodAttributes (231ms)
			AfterProcessingInitializeOnLoad (21ms)
			EditorAssembliesLoaded (1ms)
		ExecutionOrderSort2 (0ms)
		AwakeInstancesAfterBackupRestoration (62ms)
Refreshing native plugins compatible for Editor in 7.17 ms, found 5 plugins.
Preloading 0 native plugins for Editor in 0.00 ms.
Unloading 13 Unused Serialized files (Serialized files now loaded: 0)
Unloading 6989 unused Assets / (4.6 MB). Loaded Objects now: 8018.
Memory consumption went from 156.4 MB to 151.8 MB.
Total: 21.967500 ms (FindLiveObjects: 2.043200 ms CreateObjectMapping: 1.212600 ms MarkObjects: 13.724000 ms  DeleteObjects: 4.981700 ms)

Prepare: number of updated asset objects reloaded= 0
========================================================================
Received Prepare
Begin MonoManager ReloadAssembly
- Loaded All Assemblies, in  2.055 seconds
Refreshing native plugins compatible for Editor in 5.52 ms, found 5 plugins.
Native extension for WindowsStandalone target not found
[Package Manager] Failed to launch server process. Reason: Unity was launched with the -noUpm command-line argument
[Package Manager] Unable to send message (not connected to server process).
[Package Manager] Cannot connect to Unity Package Manager local server
Mono: successfully reloaded assembly
- Finished resetting the current domain, in  2.348 seconds
Domain Reload Profiling: 4407ms
	BeginReloadAssembly (491ms)
		ExecutionOrderSort (0ms)
		DisableScriptedObjects (39ms)
		BackupInstance (0ms)
		ReleaseScriptingObjects (0ms)
		CreateAndSetChildDomain (121ms)
	RebuildCommonClasses (80ms)
	RebuildNativeTypeToScriptingClass (33ms)
	initialDomainReloadingComplete (75ms)
	LoadAllAssembliesAndSetupDomain (1379ms)
		LoadAssemblies (1009ms)
		RebuildTransferFunctionScriptingTraits (0ms)
		AnalyzeDomain (584ms)
			TypeCache.Refresh (23ms)
				TypeCache.ScanAssembly (0ms)
			BuildScriptInfoCaches (521ms)
			ResolveRequiredComponents (27ms)
	FinalizeReload (2350ms)
		ReleaseScriptCaches (0ms)
		RebuildScriptCaches (0ms)
		SetupLoadedEditorAssemblies (1937ms)
			LogAssemblyErrors (0ms)
			InitializePlatformSupportModulesInManaged (4ms)
			SetLoadedEditorAssemblies (18ms)
			BeforeProcessingInitializeOnLoad (576ms)
			ProcessInitializeOnLoadAttributes (1143ms)
			ProcessInitializeOnLoadMethodAttributes (177ms)
			AfterProcessingInitializeOnLoad (17ms)
			EditorAssembliesLoaded (1ms)
		ExecutionOrderSort2 (0ms)
		AwakeInstancesAfterBackupRestoration (41ms)
Refreshing native plugins compatible for Editor in 10.76 ms, found 5 plugins.
Preloading 0 native plugins for Editor in 0.00 ms.
Unloading 13 Unused Serialized files (Serialized files now loaded: 0)
Unloading 6989 unused Assets / (4.9 MB). Loaded Objects now: 8021.
Memory consumption went from 156.4 MB to 151.5 MB.
Total: 22.085400 ms (FindLiveObjects: 2.425700 ms CreateObjectMapping: 2.551500 ms MarkObjects: 9.501500 ms  DeleteObjects: 7.602400 ms)

Prepare: number of updated asset objects reloaded= 0
========================================================================
Received Import Request.
  Time since last request: 2541.197199 seconds.
  path: Assets/Art/Backgrounds/casino entrance.png
  artifactKey: Guid(57b2deb6d4b451a41bcfc4c59fae9b83) Importer(815301076,1909f56bfc062723c751e8b465ee728b)
Start importing Assets/Art/Backgrounds/casino entrance.png using Guid(57b2deb6d4b451a41bcfc4c59fae9b83) Importer(815301076,1909f56bfc062723c751e8b465ee728b) (PreviewImporter) -> (artifact id: '0eedae4cf9bc2ea981bd08dcac690a95') in 0.2881905 seconds
Number of updated asset objects reloaded before import = 0Number of asset objects unloaded after import = 3

========================================================================
Received Import Request.
  Time since last request: 0.000050 seconds.
  path: Assets/Art/Backgrounds/casino high roller table.png
  artifactKey: Guid(751ee206ed2c4814ebb4921490e5c28f) Importer(815301076,1909f56bfc062723c751e8b465ee728b)
Start importing Assets/Art/Backgrounds/casino high roller table.png using Guid(751ee206ed2c4814ebb4921490e5c28f) Importer(815301076,1909f56bfc062723c751e8b465ee728b) (PreviewImporter) -> (artifact id: 'b3bd311e3b283e8a9d83abe536507212') in 0.0687842 seconds
Number of updated asset objects reloaded before import = 0Number of asset objects unloaded after import = 3

========================================================================
Received Import Request.
  Time since last request: 0.000069 seconds.
  path: Assets/Art/Characters/Casino host.png
  artifactKey: Guid(e51b7868a28e1fd4580a479d6afd031f) Importer(815301076,1909f56bfc062723c751e8b465ee728b)
Start importing Assets/Art/Characters/Casino host.png using Guid(e51b7868a28e1fd4580a479d6afd031f) Importer(815301076,1909f56bfc062723c751e8b465ee728b) (PreviewImporter) -> (artifact id: 'c40cff17ac6e3a5af71d25a58a907ec5') in 0.0643279 seconds
Number of updated asset objects reloaded before import = 0Number of asset objects unloaded after import = 3

========================================================================
Received Import Request.
  Time since last request: 0.000048 seconds.
  path: Assets/Art/Characters/Casino gatekeeper.png
  artifactKey: Guid(e1f4754b275dbc94c9edf82cec252086) Importer(815301076,1909f56bfc062723c751e8b465ee728b)
Start importing Assets/Art/Characters/Casino gatekeeper.png using Guid(e1f4754b275dbc94c9edf82cec252086) Importer(815301076,1909f56bfc062723c751e8b465ee728b) (PreviewImporter) -> (artifact id: '29fef96e149475004e443ce6d470f903') in 0.0561444 seconds
Number of updated asset objects reloaded before import = 0Number of asset objects unloaded after import = 3

========================================================================
Received Import Request.
  Time since last request: 4.963507 seconds.
  path: Assets/Art/Backgrounds/casino back office.png
  artifactKey: Guid(05101aa83e480454cb2ba1e0d98142f4) Importer(815301076,1909f56bfc062723c751e8b465ee728b)
Start importing Assets/Art/Backgrounds/casino back office.png using Guid(05101aa83e480454cb2ba1e0d98142f4) Importer(815301076,1909f56bfc062723c751e8b465ee728b) (PreviewImporter) -> (artifact id: '63dda088a289de540be4cde141ca689f') in 0.0679766 seconds
Number of updated asset objects reloaded before import = 0Number of asset objects unloaded after import = 3

========================================================================
Received Import Request.
  Time since last request: 0.000079 seconds.
  path: Assets/Art/UI/casino choice button.png
  artifactKey: Guid(38e94956033ab8847a1b328e4f3ae441) Importer(815301076,1909f56bfc062723c751e8b465ee728b)
Start importing Assets/Art/UI/casino choice button.png using Guid(38e94956033ab8847a1b328e4f3ae441) Importer(815301076,1909f56bfc062723c751e8b465ee728b) (PreviewImporter) -> (artifact id: 'e38cd3be34ab3af65a30fba591679bf4') in 0.0516118 seconds
Number of updated asset objects reloaded before import = 0Number of asset objects unloaded after import = 3

Editor requested this worker to shutdown with reason: Scaling down because of idle timeout
AssetImportWorker is now disconnected from the server
Process exiting
Exiting without the bug reporter. Application will terminate with return code 0